TOWN,Median Age,Median Home Value,Unemployment Rate,Per Income Capita,Tenure_Owner_Occupied(%),Tenure_Renter_Occupied(%),Housing Units,TOWN_NO,COUNTY,Heat_Pumps(2017),Heat_Pumps(2018),Heat_Pumps(2019),Heat_Pumps(2020),Heat_Pumps(2021),Heat_Pumps(2022),Heat_Pumps(2023),total_area,CTAdopt17,CTAdopt18,CTAdopt19,CTAdopt20,CTAdopt21,CTAdopt22,CTAdopt23,Asian,American_Indian_and_Alaska_Native,Native_Hawaiian_and_Other_Pacific_Islander,Black_or_African_American,Hispanic_or_Latino,Some_Other_Race,White,Total Population,Poverty(%),Total_Population,25_to_29_Years,30_to_34_Years,35_to_39_Years,40_to_44_Years,45_to_49_Years,50_to_54_Years,55_to_59_Years,60_to_64_Years,18_to_24_Years,65_and_Over_Years,Total_Households,Median_Household_Income,SNAP_Recipients,Utility_gas,Bottled_tank_or_LP_gas,Electricity,Fuel_oil_kerosene_etc.
Andover,47.9,297400,4.7,44803,88.4,11.6,1275,1,Tolland,3,8,5,8,15,14,34,0.004404558,0.002352941,0.00627451,0.003921569,0.002352941,0.00627451,0.003921569,0.026666667,1.4,0,0,3.3,1.9,0,90.2,,2.52,3160,7.9,5.2,3.8,2.8,5.6,8.7,13.2,9.6,9.5,17.7,1216,99449,2.88,1.40,7.90,5.10,74.60
Ansonia,42.4,217800,9.6,30285,59.42,40.58,8867,2,New Haven,,1,7,13,14,28,37,0.001741555,,0.000112778,0.000789444,,0.000112778,0.000789444,0.004172775,1.4,0,0,12.2,21.6,0,61.7,18945,14.67,18954,7.0,8.4,8.1,5.1,4.0,6.5,8.4,8.4,6.5,18.4,7806,53709,15.6,48.60,1.50,7.90,40.60
Ashford,37.8,271700,4.9,46602,73.68,26.32,2033,3,Windham,13,16,18,24,31,32,42,0.011093245,0.006394491,0.007870143,0.00885391,0.006394491,0.007870143,0.00885391,0.020659124,0.4,0,0,0,5.4,0,92.1,,6.87,4218,5.2,7.3,13.5,5.0,4.2,7.3,6.3,7.4,7.0,14.2,1774,84909,8.23,1.10,2.70,16.60,62.60
Avon,45.2,371900,4.1,74617,83.27,16.73,8042,4,Hartford,11,40,26,26,60,76,123,0.006571786,0.001367819,0.004973887,0.003233027,0.001367819,0.004973887,0.003233027,0.015294703,14,0,0,0.9,3.5,0.9,78.8,18821,4.38,18852,2.3,4.8,4.5,8.7,6.3,9.2,7.4,7.6,5.0,20.9,6977,123077,2.85,43.10,4.50,8.80,42.50
Barkhamsted,48.3,262900,5,43558,92.66,7.34,1473,5,Litchfield,2,3,9,10,20,23,26,0.010883439,0.001357773,0.00203666,0.00610998,0.001357773,0.00203666,0.00610998,0.017651052,3.2,0,0,0.1,2,0.8,92.8,,5.85,3660,3.0,8.1,5.1,5.6,7.1,8.1,8.1,5.9,6.0,24.0,1336,103500,2.1,0.70,2.80,7.40,80.70
Beacon Falls,50.1,251600,5.3,42714,87.74,12.26,,,,,,,,,,,,,,,,,,,,,,,,,,,,,,,,,,,,,,,,,,,,,
Berlin,47.8,291600,5.1,49967,84.42,15.58,8568,7,Hartford,14,16,25,37,66,50,111,0.007587483,0.001633987,0.001867414,0.002917834,0.001633987,0.001867414,0.002917834,0.012955182,4.4,0,0,0.6,4.4,0.3,88.9,20107,4.38,20149,4.5,3.9,6.1,4.7,6.2,7.7,10.0,6.4,7.4,22.9,8181,102075,4.91,55.40,3.00,4.30,35.90
Bethany,44.1,408900,4.1,70042,90.78,9.22,1761,8,New Haven,8,13,5,21,21,22,49,0.005967803,0.004542873,0.007382169,0.002839296,0.004542873,0.007382169,0.002839296,0.027825099,6.1,0,0,2.3,2.8,0,86,,2.72,5295,2.1,4.4,7.7,8.9,6.6,7.7,6.7,7.1,9.9,18.2,2018,151034,2.03,2.30,8.70,2.40,80.20
Bethel,41.5,344500,5.1,43233,78.75,21.25,7772,9,Fairfield,6,13,18,21,39,60,62,0.004723346,0.000772002,0.001672671,0.002316006,0.000772002,0.001672671,0.002316006,0.007977355,7.2,0,0.1,6.6,9.4,0.4,74.9,20287,3.74,20406,4.8,7.8,4.6,5.4,6.3,7.4,9.6,7.7,8.4,14.6,7164,94973,8.04,20.20,2.30,22.40,53.10
Bethlehem,50.6,342300,5.1,47482,83.72,16.28,1503,10,Litchfield,6,4,10,14,21,20,44,0.005499051,0.003992016,0.002661344,0.00665336,0.003992016,0.002661344,0.00665336,0.029274784,1.7,0,0,0.4,3,0.6,91.8,,6.77,3399,6.4,7.2,2.8,6.4,4.4,4.1,9.1,11.5,6.9,20.8,1204,92237,4.32,1.90,5.10,11.90,70.20
Bloomfield,49.1,219400,6.7,43959,71.51,28.49,9520,11,Hartford,13,11,14,20,28,38,64,0.007400999,0.001365546,0.001155462,0.001470588,0.001365546,0.001155462,0.001470588,0.006722689,4.3,0,0,53.9,8.4,0.4,31.2,21399,7.72,21460,5.2,9.2,6.5,5.0,5.6,7.6,7.9,7.0,6.2,24.4,8727,79134,12.36,36.60,3.00,17.90,41.50
Bolton,45.8,270900,4.6,48142,90.94,9.06,1954,12,Tolland,11,10,15,15,47,38,33,0.00413314,0.005629478,0.005117707,0.007676561,0.005629478,0.005117707,0.007676561,0.016888434,2.8,0,0,0.8,6.5,0.2,88,,4.6,4851,4.2,3.6,7.9,7.3,7.4,7.0,8.3,8.8,7.1,20.1,1821,112622,5.99,0.00,4.50,10.50,76.70
Bozrah,40.7,226900,5.8,38676,83.47,16.53,1032,13,New London,,,,,,,,0.005669306,,,,,,,,0.6,0,0,3.1,2.1,0,91.1,,4.9,2410,3.9,4.1,5.7,5.5,4.9,9.0,10.3,10.9,7.7,17.4,986,91838,9.94,0.50,2.50,3.20,86.70
Branford,50.8,310800,5.3,50107,68.18,31.82,14270,14,New Haven,48,60,77,76,123,133,158,0.00617556,0.0033637,0.004204625,0.005395936,0.0033637,0.004204625,0.005395936,0.011072179,3.6,0,0,2.4,6,0,86.3,28230,5.2,28177,4.9,5.2,4.6,4.4,6.5,8.3,8.9,10.2,5.1,26.8,12369,80471,5.62,54.60,2.60,15.50,25.50
Bridgeport,34.6,186000,9.9,24430,41.84,58.16,60335,15,Fairfield,,8,35,20,69,37,82,0.004544692,,0.000132593,0.000580094,,0.000132593,0.000580094,0.001359078,3.7,0.2,0,31.8,42,0.8,19.3,148529,23.21,148470,7.5,7.2,6.9,7.2,6.1,6.6,6.7,6.5,11.2,13.5,50638,47484,26.37,55.50,1.40,14.80,27.60
Bridgewater,54.9,510800,4.8,73434,86.41,13.59,850,16,Litchfield,7,3,3,9,16,18,23,0.004850193,0.008235294,0.003529412,0.003529412,0.008235294,0.003529412,0.003529412,0.027058824,0.4,0,0,4.3,3.3,0,90.3,,3.82,1701,4.1,4.0,3.2,6.2,4.6,8.6,7.1,9.0,5.4,33.7,699,130186,2.43,1.10,2.60,13.40,76.70
Bristol,40.5,198600,7.1,36535,63.64,36.36,26157,17,Hartford,22,36,41,72,125,129,212,0.007513126,0.000841075,0.001376305,0.001567458,0.000841075,0.001376305,0.001567458,0.008104905,1.7,0.1,0,5.4,16.5,0.1,72.9,60733,10.23,61052,8.5,6.8,7.8,5.9,6.4,7.0,6.2,5.9,8.8,15.4,24638,68485,15.35,19.90,1.70,24.10,52.50
Brookfield,45.5,375800,5.3,55684,83.71,16.29,7069,18,Fairfield,20,19,20,46,52,68,94,0.005686545,0.002829254,0.002687792,0.002829254,0.002829254,0.002687792,0.002829254,0.013297496,4.1,0,0.2,1.8,5.2,0.1,86.7,17428,4.75,17468,4.4,3.9,5.3,6.6,8.0,7.3,9.0,6.6,6.7,20.5,6200,117292,4.45,6.00,4.50,14.90,72.50
Brooklyn,43.2,227400,5.6,33984,73.38,26.62,3213,19,Windham,6,19,27,31,34,36,52,0.008175934,0.001867414,0.005913477,0.008403361,0.001867414,0.005913477,0.008403361,0.016184251,3.7,0,0,1.7,4.7,0,88.7,8421,7.56,8402,7.4,6.7,6.3,3.2,10.3,9.8,5.6,6.0,7.3,17.6,2915,75993,15.71,3.40,1.70,12.80,73.50
Burlington,42.2,339000,4.9,54684,93.33,6.67,3441,20,Hartford,19,19,21,26,41,65,70,0.008543425,0.005521651,0.005521651,0.006102877,0.005521651,0.005521651,0.006102877,0.020342924,3,0,0,0,2.3,0,92.3,9511,2.98,9557,5.5,5.5,8.0,7.1,6.9,8.4,6.4,7.0,6.3,12.4,3462,129783,2.34,1.10,5.50,9.50,77.10
Canaan,55.1,386800,4.6,51044,86.98,13.02,697,21,Litchfield,2,2,3,7,6,5,11,0.009322148,0.00286944,0.00286944,0.004304161,0.00286944,0.00286944,0.004304161,0.015781923,1,0,0,3.1,0.5,0,94.1,,14.86,1155,3.8,6.3,4.8,7.0,2.9,5.8,13.6,9.6,10.0,22.8,507,68750,4.93,3.10,13.30,11.60,62.30
Canterbury,45.8,233900,5.8,41401,88.62,11.38,2413,22,Windham,8,20,8,14,30,37,17,0.011274932,0.003315375,0.008288438,0.003315375,0.003315375,0.008288438,0.003315375,0.007045172,0.9,0,0,1.5,2.9,0,93.4,,3.56,5067,2.6,3.7,9.4,5.7,10.5,6.6,5.6,15.8,4.9,19.3,1916,86178,11.01,0.30,3.60,9.60,67.70
Canton,50.4,328500,4.8,51836,79.58,20.42,4392,23,Hartford,9,14,22,29,51,48,62,0.007027252,0.00204918,0.003187614,0.005009107,0.00204918,0.003187614,0.005009107,0.014116576,1.8,0.2,0,3.3,6.5,0,86.4,10131,3.06,10125,4.3,2.8,6.0,7.9,4.1,6.5,9.1,9.3,5.2,22.1,4046,89863,4.37,23.50,2.50,7.40,63.10
Chaplin,45.3,206300,6.9,35586,86.94,13.06,947,24,Windham,5,4,10,15,14,12,12,0.005509712,0.005279831,0.004223865,0.010559662,0.005279831,0.004223865,0.010559662,0.012671595,0.4,0,0,0,7.1,0,87.3,,5.57,2229,5.8,6.7,3.4,4.4,6.2,7.1,9.3,10.5,14.5,15.8,988,83393,6.58,1.70,1.70,11.70,73.90
Cheshire,46.2,338800,4.1,54866,87.85,12.15,10319,25,New Haven,30,38,52,41,100,92,210,0.009238251,0.002907258,0.003682527,0.005039248,0.002907258,0.003682527,0.005039248,0.020350809,6.7,0.1,0,3.8,5.2,0.6,79.1,28766,2.61,28791,5.8,4.6,5.2,6.0,7.7,8.2,6.7,6.7,8.7,18.0,10169,122477,4.59,10.70,3.40,12.20,72.20
Chester,49.5,336900,4.6,41045,76.47,23.53,1700,26,Middlesex,7,15,7,9,28,32,49,0.004682496,0.004117647,0.008823529,0.004117647,0.004117647,0.008823529,0.004117647,0.028823529,1.3,0,0,1.1,5.2,0,92.3,,5.31,3740,4.0,5.7,3.5,5.6,4.9,7.0,10.7,6.4,8.7,26.6,1772,87717,1.69,1.00,4.30,17.30,73.90
Clinton,47,288000,4.9,46835,79.74,20.26,6387,27,Middlesex,20,33,49,56,102,94,118,0.004534167,0.003131361,0.005166745,0.007671833,0.003131361,0.005166745,0.007671833,0.018475027,0.9,0,0,0.1,8.1,0.7,89.8,13283,5.83,13284,4.3,4.8,5.6,5.4,6.5,8.7,8.2,9.4,7.8,22.7,5396,90332,7.21,10.00,6.00,21.00,58.70
Colchester,41.4,267500,4.8,46996,76.83,23.17,6285,28,New London,22,26,41,40,73,83,118,0.013877155,0.003500398,0.004136834,0.006523469,0.003500398,0.004136834,0.006523469,0.018774861,2.5,0,0,2,5.4,0,88.8,15552,6.52,15550,4.3,6.5,7.3,6.0,6.6,7.4,8.6,7.7,5.3,16.9,5985,107914,6.03,3.20,6.10,9.90,74.90
Colebrook,49.1,262200,5.2,48860,89.83,10.17,734,29,Litchfield,,2,2,5,13,11,12,0.009255303,,0.002724796,0.002724796,,0.002724796,0.002724796,0.016348774,0.8,0,0,1,2.3,0,94.1,,6.22,1594,4.2,2.8,5.0,5.6,6.1,5.8,14.4,10.5,6.8,22.5,590,96250,0.85,0.70,5.20,2.90,73.50
Columbia,52.9,267400,4.7,51078,94.48,5.52,2256,30,Tolland,10,13,16,32,45,36,52,0.006135754,0.004432624,0.005762411,0.007092199,0.004432624,0.005762411,0.007092199,0.023049645,0.3,0,0,0.1,4.4,1,93.1,,2.43,5280,6.6,8.7,2.7,7.8,4.5,9.2,10.2,8.2,4.1,25.4,2156,104911,3.29,1.40,5.20,7.90,73.70
Connecticut,41.1,279700,6.3,45668,66.07,33.93,,,,,,,,,,,,,,,,,,,,,,,,,,,,,,,,,,,,,,,,,,,,,
Cornwall,53.7,464900,3.7,69610,77.93,22.07,1023,31,Litchfield,,2,2,3,7,29,24,0.013037539,,0.001955034,0.001955034,,0.001955034,0.001955034,0.023460411,3.9,0,0,0.4,7.1,0,87.1,,9.3,1315,3.7,3.0,2.5,2.7,6.4,15.5,6.2,11.4,8.4,26.0,598,90197,7.19,1.20,8.70,8.60,64.60
Coventry,45,257300,4.9,47578,88.02,11.98,5233,32,Tolland,15,33,24,41,71,69,84,0.01074044,0.002866425,0.006306134,0.004586279,0.002866425,0.006306134,0.004586279,0.016051978,2.9,0,0,0.5,2.1,1.9,91.7,12186,5.09,12254,3.4,7.1,5.5,4.6,8.0,6.2,9.0,10.1,6.9,18.0,4648,93619,3.1,1.70,6.50,9.90,74.10
Cromwell,42.9,243300,5,47638,76.17,23.83,6301,33,Middlesex,16,14,23,18,39,54,56,0.003629058,0.002539279,0.00222187,0.003650214,0.002539279,0.00222187,0.003650214,0.008887478,3.9,0.3,0,6.8,10.1,0,75.2,14252,6.9,14250,5.5,5.3,10.0,5.5,6.2,7.9,5.2,7.7,6.2,21.6,5897,89562,6.55,34.00,1.90,18.40,44.60
Danbury,38.9,311200,5.4,36512,58.02,41.98,34016,34,Fairfield,37,36,28,40,98,150,172,0.012252429,0.001087723,0.001058325,0.000823142,0.001087723,0.001058325,0.000823142,0.005056444,6.1,0.2,0,8.2,29,2,52.1,86197,10.99,86456,6.5,6.7,6.7,6.7,6.4,6.9,6.9,6.3,11.8,14.8,30000,73204,9.29,29.40,2.40,30.10,36.40
Darien,39.8,1465800,4.6,129829,86.63,13.37,7524,35,Fairfield,5,17,18,34,66,69,115,0.003528724,0.00066454,0.002259436,0.002392344,0.00066454,0.002259436,0.002392344,0.015284423,5.9,0,0,0.9,4,0.2,86.2,21485,3.44,21571,3.3,2.9,6.7,7.5,7.9,8.5,5.2,7.2,6.4,12.9,6895,243750,1.41,6.40,2.20,5.80,85.10
Deep River,47,291800,4.4,47196,71.69,28.31,,,,,,,,,,,,,,,,,,,,,,,,,,,,,,,,,,,,,,,,,,,,,
Derby,46.5,199300,8.1,37266,57.31,42.69,6235,37,New Haven,,,4,10,15,20,36,0.001511305,,,0.00064154,,,0.00064154,0.005773857,1.6,0,0,6.2,21.2,2,67.3,12387,12.41,12373,7.3,7.8,6.5,5.3,6.6,7.3,8.5,8.4,4.8,20.7,5146,58534,16.28,52.70,2.60,12.80,30.40
Durham,45.8,332500,3.7,61200,94.54,5.46,3117,38,Middlesex,12,15,22,22,33,22,56,0.006636296,0.003849856,0.00481232,0.007058069,0.003849856,0.00481232,0.007058069,0.017965993,1.3,0,0,0.2,2.7,0,92.1,7242,4.58,7197,4.8,5.8,8.8,6.6,6.7,8.4,9.1,8.5,5.7,18.7,2768,130635,4.73,0.50,1.40,8.40,85.40
East Granby,42.8,285900,4.9,42988,80.76,19.24,,,,,,,,,,,,,,,,,,,,,,,,,,,,,,,,,,,,,,,,,,,,,
East Haddam,50.4,297200,5.2,51773,85.36,14.64,,,,,,,,,,,,,,,,,,,,,,,,,,,,,,,,,,,,,,,,,,,,,
East Hampton,43.4,265800,5.1,43715,86.98,13.02,,,,,,,,,,,,,,,,,,,,,,,,,,,,,,,,,,,,,,,,,,,,,
East Hartford,37.8,168300,8.5,29789,58.51,41.49,,,,,,,,,,,,,,,,,,,,,,,,,,,,,,,,,,,,,,,,,,,,,
East Haven,41.6,219600,6.7,32860,72.68,27.32,,,,,,,,,,,,,,,,,,,,,,,,,,,,,,,,,,,,,,,,,,,,,
East Lyme,47.4,317100,6.1,47751,76.15,23.85,,,,,,,,,,,,,,,,,,,,,,,,,,,,,,,,,,,,,,,,,,,,,
East Windsor,45,208500,5.8,40347,68.22,31.78,,,,,,,,,,,,,,,,,,,,,,,,,,,,,,,,,,,,,,,,,,,,,
Eastford,46.7,259800,4.4,42506,85.17,14.83,724,39,Windham,9,2,13,10,14,10,11,0.008244148,0.012430939,0.002762431,0.017955801,0.012430939,0.002762431,0.017955801,0.01519337,0.3,0,0,0.4,4,0,92.9,,4.68,1618,3.3,3.8,9.5,7.0,7.4,4.2,8.2,10.3,10.4,17.2,681,96625,4.7,0.00,4.40,7.50,67.00
Easton,52.3,630700,4.8,79465,92.75,7.25,2693,46,Fairfield,,3,7,19,23,40,87,0.007962067,,0.001113999,0.002599332,,0.001113999,0.002599332,0.032305978,1.7,0,0,0,2.7,0.9,91.4,7602,2.64,7630,2.7,2.9,4.7,5.0,7.7,8.1,10.9,8.6,6.1,18.2,2799,166875,2.39,17.40,1.50,3.40,77.50
Ellington,40,276800,4.8,48985,62.64,37.36,6894,48,Tolland,13,36,35,43,78,74,69,0.009722813,0.001885698,0.005221932,0.005076878,0.001885698,0.005221932,0.005076878,0.010008703,4.3,0,0,2.5,5.7,0,83.4,16339,4.2,16558,5.1,5.9,8.9,4.4,6.7,5.1,9.1,6.7,6.9,18.0,7000,89645,6.09,15.00,4.70,21.90,55.60
Enfield,39.8,191300,5.7,37046,75.47,24.53,17119,49,Hartford,31,47,70,65,127,115,109,0.009630459,0.001810853,0.002745487,0.004089024,0.001810853,0.002745487,0.004089024,0.006367194,3,0.2,0,6.8,10.8,0.2,74.4,42480,7.56,41346,6.6,8.5,7.5,5.3,5.7,6.9,7.8,7.4,7.6,17.2,16744,83232,9.32,36.30,2.40,6.30,52.20
Essex,52.1,416100,4.2,60415,73.13,26.87,3294,50,Middlesex,26,26,35,41,54,69,100,0.003285169,0.007893139,0.007893139,0.010625379,0.007893139,0.007893139,0.010625379,0.030358227,3.1,0,0,0,2.2,0,92.4,,4.72,6754,4.6,2.8,3.2,3.4,3.7,8.1,14.6,7.0,10.8,26.4,3074,102243,6.25,1.10,4.50,21.00,70.40
Fairfield,40.7,604500,5,68800,82.45,17.55,21442,51,Fairfield,,10,88,90,131,231,389,0.008438854,,0.000466374,0.004104095,,0.000466374,0.004104095,0.018141964,4.3,0,0,1.7,7.5,0.6,84.2,61737,5.31,62072,3.4,4.0,4.9,5.3,7.3,6.7,8.1,7.3,13.4,15.5,20641,140308,2.6,49.20,1.50,3.50,45.10
Farmington,44.4,334000,4.5,55426,73.01,26.99,11730,52,Hartford,34,41,45,43,81,95,139,0.0080505,0.002898551,0.003495311,0.003836317,0.002898551,0.003495311,0.003836317,0.011849957,13.2,0.2,0,3.6,7.1,0.4,73.3,26559,8.01,26623,6.2,5.0,6.4,7.5,6.0,7.1,7.7,6.5,7.6,20.4,10463,97262,4.55,30.50,3.60,11.10,53.80
Franklin,44.6,242000,5.9,41937,87.03,12.97,728,53,New London,6,8,6,9,14,15,23,0.005504042,0.008241758,0.010989011,0.008241758,0.008241758,0.010989011,0.008241758,0.031593407,0.3,0,0,2.2,8.6,0,80.3,,3.68,1892,5.2,6.4,4.4,5.7,6.3,6.6,8.6,7.1,5.8,18.9,717,91875,7.39,0.70,4.20,4.10,79.60
Glastonbury,45.4,345100,4,60913,79.82,20.18,14632,54,Hartford,38,35,59,80,131,118,223,0.014626003,0.002597048,0.002392017,0.004032258,0.002597048,0.002392017,0.004032258,0.015240569,8.6,0.1,0.4,1.6,6.7,0.2,81,35061,3.37,35105,4.3,5.0,5.2,7.6,6.6,6.7,8.1,7.5,7.6,20.7,13411,120605,4.12,45.80,2.50,6.20,44.30
Goshen,43.3,332700,4.6,58616,94.63,5.37,1612,55,Litchfield,7,7,6,7,21,35,43,0.012694312,0.004342432,0.004342432,0.003722084,0.004342432,0.004342432,0.003722084,0.026674938,1.1,0,0,0.1,2.6,1.6,88.8,,6.57,3144,4.8,6.1,6.6,3.2,8.1,9.2,3.0,9.1,7.7,22.6,1098,117438,2.28,1.10,5.00,7.90,74.40
Granby,47.6,304200,4.3,54421,90.28,9.72,4433,56,Hartford,9,22,28,27,67,63,82,0.01155927,0.002030228,0.004962779,0.006316264,0.002030228,0.004962779,0.006316264,0.018497631,0.9,0,0,0.3,2.4,0,94.7,10971,2.59,10972,4.2,5.9,6.8,3.9,6.2,8.0,8.2,9.7,6.7,19.5,4147,111347,3.45,1.40,9.60,6.90,77.00
Greenwich,43.4,1377800,4.4,108412,65.91,34.09,25207,57,Fairfield,24,39,61,45,145,195,185,0.013472694,0.000952116,0.001547189,0.002419963,0.000952116,0.001547189,0.002419963,0.007339231,7.2,0.1,0,2.4,12.6,0.2,74.1,63455,5.3,63498,3.6,4.0,5.7,6.6,7.6,7.8,7.7,7.2,7.0,17.1,22271,167537,3.28,60.30,2.20,8.60,28.20
Griswold,46,173900,7.7,35144,72.4,27.6,5234,58,New London,15,24,23,26,56,41,61,0.010335297,0.002865877,0.004585403,0.004394345,0.002865877,0.004585403,0.004394345,0.011654566,1.6,1.5,0,0.3,4,0,86.6,11460,6.5,11488,4.6,5.1,4.7,4.2,6.7,9.1,14.4,8.7,6.2,17.9,4898,62361,11.37,1.70,7.20,13.10,72.20
Groton,33.2,247100,6.4,38423,48.53,51.47,18170,59,New London,8,13,11,,6,14,15,0.009008316,0.000440286,0.000715465,0.000605394,0.000440286,0.000715465,0.000605394,0.000825537,5.7,0.4,0,6.5,13.9,0.4,67.4,38686,9.09,38217,9.2,8.8,4.6,4.6,4.7,6.0,6.7,6.2,11.6,18.9,15958,68849,10.68,6.30,3.80,28.60,58.70
Guilford,48.5,398400,3.7,62405,86.57,13.43,9779,60,New Haven,83,94,109,113,226,229,332,0.013180915,0.008487575,0.009612435,0.011146334,0.008487575,0.009612435,0.011146334,0.033950302,4,0,0,1.3,5.2,0.1,87.7,22113,2.95,22046,1.8,3.3,6.3,4.7,5.6,8.5,7.6,8.9,5.6,25.4,8397,108243,3.63,8.60,4.40,11.70,72.30
Haddam,46.4,331700,4.4,50584,83.2,16.8,3428,61,Middlesex,21,18,24,23,42,60,71,0.012922502,0.006126021,0.005250875,0.007001167,0.006126021,0.005250875,0.007001167,0.020711785,5.3,0,0,1.2,3,0,89,8494,2.97,8492,3.2,4.5,7.4,5.8,9.2,6.3,7.0,9.5,5.6,19.4,3101,107073,5.68,2.10,4.20,9.00,79.20
Hamden,36.3,225500,5.4,38228,63.92,36.08,25528,62,New Haven,,12,71,76,105,121,246,0.009271177,,0.000470072,0.00278126,,0.000470072,0.00278126,0.009636478,5.5,0.1,0,25.1,12,0.3,53.5,61160,9.19,61069,6.8,5.8,7.0,5.0,5.1,5.8,6.3,7.6,16.4,16.7,22577,78602,7.93,41.90,2.10,13.20,42.10
Hampton,49.8,237800,5.1,41287,90.57,9.43,722,63,Windham,1,5,8,13,14,27,23,0.007134191,0.001385042,0.006925208,0.011080332,0.001385042,0.006925208,0.011080332,0.031855956,0,0.7,0,0.1,1.9,0,95.9,,5.89,1639,4.3,3.7,2.7,6.2,3.9,9.8,7.9,11.2,10.4,22.2,785,76364,5.61,0.50,4.00,8.60,68.50
Hartford,32.9,170200,11,22055,23.98,76.02,56174,64,Hartford,11,18,8,33,44,50,48,0.005062575,0.00019582,0.000320433,0.000142415,0.00019582,0.000320433,0.000142415,0.000854488,2.5,0,0,34.8,44.7,0.5,14.9,121562,28.01,121057,8.3,7.2,6.7,6.8,6.2,6.1,5.6,4.6,14.0,11.3,46690,36154,38.75,59.30,1.90,17.00,21.10
Hartland,52.2,277300,4.7,49267,92.99,7.01,832,65,Hartford,3,5,3,1,6,5,14,0.009646552,0.003605769,0.006009615,0.003605769,0.003605769,0.006009615,0.003605769,0.016826923,0.6,3,0,0.2,0.1,0.7,91.3,,1.34,1806,6.1,6.0,3.7,3.2,6.6,4.8,11.1,14.7,7.5,19.6,756,97850,3.57,0.00,3.90,4.80,76.30
Harwinton,47.7,301000,4.1,49370,95.73,4.27,2320,66,Litchfield,6,4,8,16,27,24,38,0.008721603,0.002586207,0.001724138,0.003448276,0.002586207,0.001724138,0.003448276,0.01637931,0.5,0,0,1.6,1.4,0,96.1,,1.92,5509,4.5,5.6,3.5,7.5,6.7,9.0,8.8,6.0,8.4,20.0,1943,110652,2.16,1.10,3.20,8.20,80.70
Hebron,45.6,303700,4.8,54348,94.59,5.41,3739,67,Tolland,12,16,24,35,67,48,69,0.010471545,0.003209414,0.004279219,0.006418829,0.003209414,0.004279219,0.006418829,0.018454132,1.3,0,0,0.1,4.5,0,92.6,9122,3.97,9127,2.5,6.3,5.7,6.2,7.1,8.9,9.7,7.1,5.8,19.0,3528,126045,1.79,1.90,7.50,8.30,78.00
Kent,56.6,352800,3.8,62127,81.29,18.71,1743,68,Litchfield,2,4,4,17,23,42,44,0.013930283,0.001147447,0.002294894,0.002294894,0.001147447,0.002294894,0.002294894,0.025243832,1.7,0.1,0,1,2.8,0.8,88,,4.1,3015,2.8,5.6,6.6,2.3,7.8,7.7,5.1,13.8,7.4,28.7,1176,77344,5.53,0.80,4.10,15.60,68.70
Killingly,42,195100,6.2,32478,66.93,33.07,7744,69,Windham,18,44,54,38,76,62,93,0.014019763,0.00232438,0.005681818,0.00697314,0.00232438,0.005681818,0.00697314,0.012009298,1.2,0.1,0,1.1,5.2,0.1,88.7,17681,14.4,17757,6.6,7.5,9.3,6.8,4.3,6.8,7.0,6.2,5.2,18.4,7088,66071,16.17,13.70,3.20,8.70,64.00
Killingworth,49.7,348700,4.3,48583,93.79,6.21,2599,70,Middlesex,18,19,21,19,47,50,63,0.010019773,0.006925741,0.007310504,0.008080031,0.006925741,0.007310504,0.008080031,0.024240092,2.3,0,0,0,1.6,0,93.5,,4.91,6216,6.6,2.8,5.5,2.4,5.3,8.6,11.1,11.3,6.3,21.8,2304,104462,2.21,0.60,12.20,6.70,70.50
Lebanon,48.1,258000,5.9,47962,87.05,12.95,3148,71,New London,8,28,22,13,53,62,46,0.015436301,0.002541296,0.008894536,0.006988564,0.002541296,0.008894536,0.006988564,0.014612452,1.2,0,0,0,5.5,0,92.5,7140,4.32,7145,7.2,3.9,6.7,4.5,8.6,8.6,7.0,8.4,7.9,18.7,2818,97422,5.75,1.00,7.70,14.20,68.40
Ledyard,37.4,233700,6,43225,83.36,16.64,6085,72,New London,45,38,36,42,77,80,114,0.011137396,0.007395234,0.006244864,0.005916187,0.007395234,0.006244864,0.005916187,0.018734593,4.3,2.2,0,1.9,6,0,79.6,15313,5.48,15394,4.7,9.0,7.1,5.8,4.6,6.5,6.8,7.1,6.1,15.8,5769,92439,5.46,1.40,2.60,14.70,79.00
Lisbon,43.9,245500,7,41696,84.66,15.34,1689,73,New London,6,15,17,17,30,32,28,0.004670378,0.003552398,0.008880995,0.010065127,0.003552398,0.008880995,0.010065127,0.016577857,1,2,0,0.3,1.2,0,92.4,,4.34,4202,3.9,4.3,5.4,4.6,7.0,5.3,10.7,7.7,7.8,18.5,1714,86641,3.5,1.20,0.90,7.90,80.20
Litchfield,53.7,306300,4.8,49908,77.42,22.58,4141,74,Litchfield,17,18,19,33,56,64,79,0.015959667,0.004105289,0.004346776,0.004588264,0.004105289,0.004346776,0.004588264,0.019077518,1.3,0,0,2.6,7.4,0.2,85.6,8161,5.85,8232,6.7,4.7,5.0,5.6,5.7,6.5,9.4,8.9,6.9,23.7,3415,87241,4.48,2.90,5.50,11.60,73.60
Lyme,52.7,538700,4.7,79113,81.63,18.37,1132,75,New London,7,16,10,23,18,32,47,0.009608032,0.006183746,0.014134276,0.008833922,0.006183746,0.014134276,0.008833922,0.041519435,0.1,0,0,2.6,0.9,0,93.6,,1.07,2390,4.9,2.9,3.1,9.2,2.8,7.4,11.5,8.6,7.7,25.8,1056,106667,2.65,0.00,3.90,8.00,84.10
Madison,50.1,424000,4.3,62752,85.63,14.37,8032,76,New Haven,54,58,68,103,151,178,238,0.010225905,0.006723108,0.007221116,0.008466135,0.006723108,0.007221116,0.008466135,0.029631474,2.3,0,0,0.3,3,0,91.2,17742,2.59,17658,2.3,3.1,4.2,5.2,6.8,9.1,10.0,9.2,6.4,24.1,6912,119777,2.78,13.90,4.50,15.70,62.90
Manchester,35.7,180000,6.4,37708,55.03,44.97,26005,77,Hartford,26,35,56,63,108,132,154,0.007759308,0.000999808,0.001345895,0.002153432,0.000999808,0.001345895,0.002153432,0.005921938,11.2,0.6,0,14.2,14.7,0.5,55.1,59452,10.43,59510,9.7,8.6,7.2,5.6,5.3,6.2,6.9,6.4,7.9,15.7,23645,74270,13.91,48.30,2.00,12.60,35.40
Mansfield,21.1,249100,4.7,21071,53.28,46.72,7134,78,Tolland,19,32,39,55,82,90,137,0.012788735,0.002663302,0.004485562,0.005466779,0.002663302,0.004485562,0.005466779,0.019203813,11.6,0.1,0,3.4,5.2,0.2,78.5,26431,26.77,28378,3.0,3.7,3.0,1.8,2.5,2.1,3.3,3.2,57.5,10.5,5740,50492,7.21,5.80,4.50,24.20,60.40
Marlborough,43.9,305500,4.6,50947,87.34,12.66,2194,79,Hartford,5,10,10,27,36,27,61,0.006573744,0.002278943,0.004557885,0.004557885,0.002278943,0.004557885,0.004557885,0.027803099,1.6,0.2,0,1.4,5,0,91.7,,8.37,6134,4.5,4.2,7.3,6.8,5.6,8.6,10.6,5.7,7.0,16.4,2331,113547,6.99,1.50,6.50,20.70,62.60
Meriden,40.8,171700,7.6,33873,58.01,41.99,27041,80,New Haven,29,21,20,44,73,81,114,0.006691768,0.001072446,0.000776598,0.000739618,0.001072446,0.000776598,0.000739618,0.00421582,2.1,0.3,0,8.2,33.4,0.1,53.5,60790,10.86,60556,6.9,6.6,6.2,6.6,5.9,6.1,7.4,8.7,8.5,15.7,25595,58472,26.82,39.00,1.30,15.10,43.10
Middlebury,46.6,361400,4.8,53127,92,8,3042,81,New Haven,5,7,5,8,24,26,41,0.005146546,0.001643655,0.002301118,0.001643655,0.001643655,0.002301118,0.001643655,0.013477975,5.4,0,0,0.4,5,0,86.5,7617,3.01,7665,4.8,5.7,6.4,6.0,4.8,4.9,6.3,7.4,7.7,22.6,2749,120480,3.31,9.40,4.10,8.70,72.80
Middlefield,49.9,288500,4.8,44539,84.13,15.87,1991,82,Middlesex,14,11,17,7,17,27,31,0.003667433,0.007031642,0.005524862,0.008538423,0.007031642,0.005524862,0.008538423,0.015570065,1.8,0,0,0,2.3,0,95,,8.53,4240,4.7,5.2,3.8,5.8,5.4,12.1,8.8,9.6,6.1,22.8,1758,79042,6.6,0.00,6.00,14.40,74.50
Middletown,38.7,234300,6.2,38345,52.71,47.29,21977,83,Middlesex,33,41,56,60,123,121,164,0.011866623,0.00150157,0.001865587,0.002548118,0.00150157,0.001865587,0.002548118,0.007462347,5.9,0,0,13.8,10.3,0.1,66.8,47164,12.33,48152,8.4,8.4,4.7,6.1,5.8,6.0,7.7,6.8,15.9,15.5,19294,62022,15.32,20.60,2.20,23.20,51.60
Milford,44.8,321800,5.9,51837,74.47,25.53,23868,84,New Haven,,10,89,67,145,160,288,0.006376821,,0.000418971,0.003728842,,0.000418971,0.003728842,0.012066365,6.7,0,0,3,6,0.4,82.2,52308,4.12,52283,5.7,6.8,5.9,5.5,5.8,8.3,9.0,8.1,7.1,20.6,22451,95627,4.07,52.50,0.90,10.30,35.40
Monroe,42.4,376800,5.4,51001,90.65,9.35,6451,85,Fairfield,7,16,25,23,46,52,59,0.007323636,0.001085103,0.002480236,0.003875368,0.001085103,0.002480236,0.003875368,0.009145869,6,0,0,2.4,6.8,0,80.8,18927,2.99,18851,3.0,4.1,5.7,5.8,6.9,10.1,8.9,6.5,8.6,15.5,6673,121847,3.45,25.30,2.70,6.90,63.40
Montville,43.1,212300,6.5,35845,80.68,19.32,6975,86,New London,24,41,43,41,70,71,88,0.012350366,0.00344086,0.005878136,0.006164875,0.00344086,0.005878136,0.006164875,0.012616487,4.3,0.6,0,6.5,9.2,0.6,75.7,18607,6.22,18160,6.9,7.1,5.4,6.3,6.0,8.9,7.7,7.3,9.7,16.5,6997,80765,9.12,14.40,5.40,11.90,65.50
Morris,46.8,308000,3.8,47373,85.13,14.87,1356,87,Litchfield,2,2,4,12,13,20,38,0.005235884,0.001474926,0.001474926,0.002949853,0.001474926,0.001474926,0.002949853,0.028023599,0,0.8,0,0,3.8,0,94.1,,7.06,2059,4.1,2.6,7.9,5.7,7.8,5.4,6.7,11.0,7.5,24.7,854,82240,5.62,0.70,8.60,9.40,70.80
Naugatuck,39.8,187900,6.8,35797,69.02,30.98,12815,88,New Haven,8,12,15,26,42,52,73,0.004590692,0.000624268,0.000936403,0.001170503,0.000624268,0.000936403,0.001170503,0.005696449,2.4,0,0,8.4,12.6,0.2,72.2,31586,6.59,31653,7.1,7.8,7.5,7.0,5.4,7.3,6.9,8.1,9.5,14.0,11589,77967,11.54,23.50,3.10,17.70,53.20
New Britain,32.9,161900,9.7,24702,40.05,59.95,,,,,,,,,,,,,,,,,,,,,,,,,,,,,,,,,,,,,,,,,,,,,
New Canaan,43.3,1245400,4.3,114884,78.84,21.16,,,,,,,,,,,,,,,,,,,,,,,,,,,,,,,,,,,,,,,,,,,,,
New Fairfield,42.1,362900,5.3,51298,93.36,6.64,,,,,,,,,,,,,,,,,,,,,,,,,,,,,,,,,,,,,,,,,,,,,
New Hartford,44.4,287500,4.7,59386,90.19,9.81,,,,,,,,,,,,,,,,,,,,,,,,,,,,,,,,,,,,,,,,,,,,,
New Haven,30.7,205100,7.7,27607,27.97,72.03,,,,,,,,,,,,,,,,,,,,,,,,,,,,,,,,,,,,,,,,,,,,,
New London,31.8,186900,10.1,26242,36.91,63.09,,,,,,,,,,,,,,,,,,,,,,,,,,,,,,,,,,,,,,,,,,,,,
New Milford,43.4,302600,5.7,44366,77.83,22.17,,,,,,,,,,,,,,,,,,,,,,,,,,,,,,,,,,,,,,,,,,,,,
Newington,46.1,233200,5.3,40507,78.26,21.74,13113,94,Hartford,17,21,26,53,57,80,77,0.003674045,0.001296423,0.001601464,0.001982765,0.001296423,0.001601464,0.001982765,0.005872035,6.6,0,0,3.7,9.7,0.9,74.9,30493,8.4,30458,7.2,5.7,7.3,5.5,6.2,8.3,8.2,7.1,7.3,20.0,12366,82721,7.34,53.50,0.90,9.50,35.10
Newtown,45.7,389600,5.1,56517,88.44,11.56,10052,97,Fairfield,22,25,39,41,77,115,146,0.016426267,0.002188619,0.002487067,0.003879825,0.002188619,0.002487067,0.003879825,0.014524473,2.3,0.1,0.2,1.5,6.1,0.4,87.8,27388,3.37,27341,3.4,4.7,4.3,6.8,8.0,7.1,8.0,8.2,8.7,18.5,9885,125028,2.13,10.60,5.10,6.50,75.20
Norfolk,51.1,334900,4.3,44918,74.57,25.43,950,98,Litchfield,,1,1,,7,8,20,0.013040855,,0.001052632,0.001052632,,0.001052632,0.001052632,0.021052632,0.8,0,0,0.4,1.9,0.2,91.2,,8.53,1856,9.1,3.6,7.8,3.8,7.0,5.7,7.2,10.9,2.4,23.2,700,75179,9,3.50,2.10,5.60,78.10
North Branford,49.8,303700,4.9,51275,85.6,14.4,,,,,,,,,,,,,,,,,,,,,,,,,,,,,,,,,,,,,,,,,,,,,
North Canaan,47.8,196900,5.1,40011,63.41,36.59,,,,,,,,,,,,,,,,,,,,,,,,,,,,,,,,,,,,,,,,,,,,,
North Haven,46.4,297000,4.9,50363,81.71,18.29,,,,,,,,,,,,,,,,,,,,,,,,,,,,,,,,,,,,,,,,,,,,,
North Stonington,48.7,296800,5.4,36847,83.25,16.75,,,,,,,,,,,,,,,,,,,,,,,,,,,,,,,,,,,,,,,,,,,,,
Norwalk,40.1,438900,5.8,52812,58.06,41.94,38068,103,Fairfield,19,51,63,53,116,139,202,0.006400167,0.000499107,0.001339708,0.001654933,0.000499107,0.001339708,0.001654933,0.005306294,5.3,0.1,0.1,12.6,27.9,0.2,51.3,90821,9.08,91050,7.2,8.0,7.3,6.8,6.3,6.8,7.5,6.8,8.1,15.8,34187,89486,7.86,26.40,2.10,22.80,47.90
Norwich,38.8,170800,8.9,31459,51.57,48.43,19214,104,New London,,,,,,,,0.00820077,,,,,,,,7.2,0.8,0,10,15.8,0.4,61.2,40020,10.27,40054,8.1,7.1,6.6,5.7,5.4,5.8,6.8,7.0,8.0,19.4,16121,57565,18.95,28.50,2.30,18.50,48.30
Old Lyme,51.9,395800,5.6,72875,79.57,20.43,,,,,,,,,,,,,,,,,,,,,,,,,,,,,,,,,,,,,,,,,,,,,
Old Saybrook,54.6,405400,5.1,55191,80.73,19.27,,,,,,,,,,,,,,,,,,,,,,,,,,,,,,,,,,,,,,,,,,,,,
Orange,45.1,391500,4.2,56567,87.9,12.1,5431,107,New Haven,,6,25,31,39,65,184,0.004843707,,0.001104769,0.004603204,,0.001104769,0.004603204,0.03387958,10.4,0,0,6,2.4,0.6,78.7,14225,1.83,14231,2.7,4.0,4.8,6.7,7.0,7.4,7.5,7.0,7.4,22.3,4974,129489,2.01,12.10,2.00,3.70,81.50
Oxford,46.9,363000,5.4,49006,94.06,5.94,5011,108,New Haven,8,9,13,13,34,61,69,0.00929963,0.001596488,0.001796049,0.002594293,0.001596488,0.001796049,0.002594293,0.013769707,1.8,0,0,1.3,6.7,0,89.2,12744,1.99,12801,3.8,3.7,5.4,9.0,5.0,6.7,11.4,8.0,5.9,20.0,4694,106089,2.85,11.60,3.20,4.40,75.20
Plainfield,41.7,192100,6.1,30511,68.65,31.35,6211,109,Windham,11,21,29,55,38,58,73,0.01206394,0.001771051,0.003381098,0.004669135,0.001771051,0.003381098,0.004669135,0.011753341,2.6,0.3,0,2.7,3.3,0,89.2,14991,9.27,15065,9.8,8.3,5.6,4.5,5.7,6.6,6.6,7.4,9.7,15.3,5595,66689,15.71,4.10,1.10,13.10,76.70
Plainville,43.8,214000,6.3,40869,70.98,29.02,8524,110,Hartford,16,14,14,15,32,50,49,0.002760476,0.001877053,0.001642421,0.001642421,0.001877053,0.001642421,0.001642421,0.005748475,4,0,0,1.7,10.3,0,83,17514,6.17,17505,6.6,6.9,5.9,7.7,6.0,7.8,6.5,6.6,9.3,19.5,7637,70012,7.79,26.40,2.50,23.50,45.00
Plymouth,44.8,207900,6.3,40527,79.54,20.46,5038,111,Litchfield,6,12,12,15,27,43,80,0.006249707,0.001190949,0.002381898,0.002381898,0.001190949,0.002381898,0.002381898,0.015879317,0.2,0.1,0,0.8,6,0.1,86.8,11705,5.88,11712,4.1,6.0,6.2,6.4,4.1,9.8,7.9,8.6,10.7,17.3,4858,79029,7.41,12.70,5.40,11.00,64.80
Pomfret,46.5,287900,4.1,47283,82.33,17.67,1760,112,Windham,11,13,9,30,27,31,32,0.011396181,0.00625,0.007386364,0.005113636,0.00625,0.007386364,0.005113636,0.018181818,0.6,0,0.4,1,3.1,0,93.1,,8.5,4289,4.4,2.3,5.0,5.6,10.4,6.9,6.9,9.3,8.9,18.2,1647,91788,7.53,1.20,7.80,4.30,75.40
Portland,42.9,240500,4.8,47819,82.49,17.51,3875,113,Middlesex,7,17,15,19,45,43,61,0.006928877,0.001806452,0.004387097,0.003870968,0.001806452,0.004387097,0.003870968,0.015741935,0.8,0,0,0.7,4.3,0,92.6,9459,7.02,9409,3.3,7.5,9.3,6.8,6.4,9.7,5.7,5.4,5.8,17.0,3741,97754,8.47,5.60,0.90,10.30,79.30
Preston,46,264100,6.8,39112,85.25,14.75,1991,114,New London,7,11,10,24,25,29,33,0.008869371,0.003515821,0.005524862,0.005022602,0.003515821,0.005524862,0.005022602,0.016574586,4,0.1,0,0,1.9,0.9,87,,5.51,4804,5.7,5.0,6.3,4.4,3.9,8.2,7.6,9.6,9.3,19.0,1830,87885,7.16,0.00,3.00,11.90,79.60
Prospect,46.8,286000,4.8,42319,89.33,10.67,3494,115,New Haven,11,6,11,17,22,33,40,0.004031678,0.003148254,0.00171723,0.003148254,0.003148254,0.00171723,0.003148254,0.011448197,0.4,0,0,5.3,3.9,0,86,9361,1.21,9411,2.4,3.9,8.8,6.1,7.0,7.3,8.7,8.3,3.6,20.1,3347,106667,5.11,3.50,5.10,5.30,81.50
Putnam,47.1,197800,6.4,34206,58.11,41.89,4210,116,Windham,8,14,4,16,33,31,46,0.005727892,0.001900238,0.003325416,0.000950119,0.001900238,0.003325416,0.000950119,0.010926366,0.9,0,0,1.2,4.5,0,89,9250,6.43,9270,8.0,7.6,5.8,5.6,6.8,8.7,7.5,6.5,6.4,16.1,4096,64320,11.79,21.20,4.80,16.00,54.20
Redding,47.1,578100,4.7,75134,83.37,16.63,3668,117,Fairfield,16,13,16,15,48,78,96,0.008918348,0.00436205,0.003544166,0.00436205,0.00436205,0.003544166,0.00436205,0.026172301,2.3,0,0,0.3,5.4,0.2,89.8,8831,3.01,8785,2.0,4.6,6.2,5.0,4.9,8.7,10.1,8.8,6.4,23.4,3452,135928,1.42,6.30,1.80,12.40,77.80
Ridgefield,45.7,656800,4.6,82810,85.78,14.22,9826,118,Fairfield,14,34,39,37,75,112,200,0.009707727,0.001424791,0.003460208,0.003969062,0.001424791,0.003460208,0.003969062,0.020354162,3.8,0.1,0,1.4,5.6,0.1,86.5,25053,2.62,25021,2.6,3.3,5.0,7.1,8.5,8.8,8.2,7.0,5.1,18.7,9001,152630,1.42,10.70,2.00,9.80,75.60
Rocky Hill,43.1,270800,4.7,47749,63.5,36.5,,,,,,,,,,,,,,,,,,,,,,,,,,,,,,,,,,,,,,,,,,,,,
Roxbury,53.2,595400,4.1,74277,83.74,16.26,1303,120,Litchfield,5,3,8,12,15,25,53,0.007347829,0.003837299,0.002302379,0.006139678,0.003837299,0.002302379,0.006139678,0.040675365,2.6,0,0,0,2.6,0,93.7,,4.26,2069,2.8,10.1,4.9,4.2,4.5,10.6,8.4,8.0,2.9,28.0,892,109063,3.14,3.30,3.30,4.80,80.70
Salem,37.8,306900,5.7,53025,90.85,9.15,1714,121,New London,4,27,16,21,35,27,32,0.008290093,0.002333722,0.015752625,0.009334889,0.002333722,0.015752625,0.009334889,0.018669778,1,0,0,2.9,6.6,0.5,88.9,,4.91,4230,6.5,4.7,9.3,5.6,7.4,6.1,5.2,7.1,6.1,17.1,1661,104725,1.57,0.50,8.80,10.90,70.20
Salisbury,50.8,552100,4.2,55432,66,34,2641,122,Litchfield,1,4,8,14,23,34,61,0.016932812,0.000378644,0.001514578,0.003029156,0.000378644,0.001514578,0.003029156,0.023097312,2.1,0,0,0.6,1.8,0,94.7,,5.34,4170,3.5,1.1,6.3,5.6,5.7,3.7,7.8,8.9,5.2,29.7,1700,72632,1.94,3.30,6.60,10.00,68.90
Scotland,44.8,227900,5.7,37228,86.48,13.52,683,123,Windham,,2,2,6,8,9,6,0.00525167,,0.002928258,0.002928258,,0.002928258,0.002928258,0.008784773,0.1,0,0,0,6.6,0,76.1,,2.12,1542,10.9,5.0,3.2,2.7,5.9,8.7,9.9,7.4,15.6,14.5,614,88077,3.75,0.50,3.80,2.00,76.30
Seymour,42.1,271100,6.4,40038,71.08,28.92,6624,124,New Haven,8,10,10,23,30,51,56,0.004166764,0.001207729,0.001509662,0.001509662,0.001207729,0.001509662,0.001509662,0.008454106,2.2,0,0,1.4,10.2,0,84.8,16731,4.34,16766,6.3,9.8,5.9,5.2,7.6,7.1,5.4,8.0,7.8,16.0,6203,80396,8.45,5.20,2.90,11.40,78.20
Sharon,57.8,354800,3.7,74580,73.94,26.06,1712,125,Litchfield,2,2,5,10,12,16,23,0.016765774,0.001168224,0.001168224,0.002920561,0.001168224,0.001168224,0.002920561,0.013434579,0.3,0,0,0.5,5.9,0,90.6,,11.09,2691,5.2,2.7,11.7,7.6,2.5,4.4,6.7,8.2,4.6,32.8,1278,97560,2.5,2.20,6.50,11.10,71.10
Shelton,48.1,345200,6.2,49136,80.56,19.44,16400,126,Fairfield,,7,65,40,77,99,187,0.008879706,,0.000426829,0.003963415,,0.000426829,0.003963415,0.011402439,4.8,0.1,0,2.3,8.6,0.2,82.3,40944,5.39,41206,6.5,6.0,6.2,6.8,5.6,7.4,8.9,7.7,6.7,20.0,16185,98873,5.07,26.30,1.70,7.70,62.90
Sherman,57.1,457300,4.6,90874,85.99,14.01,1925,127,Fairfield,9,8,11,13,19,39,52,0.006541641,0.004675325,0.004155844,0.005714286,0.004675325,0.004155844,0.005714286,0.027012987,1.7,0.4,0,0,3.3,1.2,92.7,,1.68,3499,2.5,3.1,2.5,4.8,5.1,4.6,12.5,16.9,4.6,28.6,1470,120682,0,1.60,3.90,9.10,75.20
Simsbury,44.5,341000,4.2,65329,79.17,20.83,9482,128,Hartford,16,43,53,44,123,102,154,0.009642525,0.001687408,0.004534908,0.005589538,0.001687408,0.004534908,0.005589538,0.016241299,3.9,1,0,3.3,6.1,0.2,83.1,24467,5.27,24617,3.8,4.2,7.3,6.3,7.2,7.4,8.2,7.4,5.2,18.1,9583,128829,2.51,17.10,2.30,11.10,67.80
Somers,44.5,318200,4.9,43733,87.03,12.97,3612,129,Tolland,6,17,25,25,31,39,47,0.008057118,0.00166113,0.004706534,0.006921373,0.00166113,0.004706534,0.006921373,0.013012182,1,0,0,5.4,7.1,2.8,82.9,10398,1.95,10086,6.5,5.2,7.4,4.8,6.5,6.8,9.8,8.2,4.6,18.9,3625,106305,2.15,0.40,5.80,4.00,84.10
South Windsor,42.8,290500,4.6,53513,83.82,16.18,,,,,,,,,,,,,,,,,,,,,,,,,,,,,,,,,,,,,,,,,,,,,
Southbury,50.8,327800,5.7,55478,85.45,14.55,8807,130,New Haven,29,20,23,44,105,142,176,0.011168601,0.003292835,0.002270921,0.002611559,0.003292835,0.002270921,0.002611559,0.019984104,2.8,0.2,0,2.6,4.7,0.1,87.5,19866,4.81,19936,2.7,4.5,4.8,5.4,4.7,7.4,7.1,8.1,6.1,29.6,7966,102128,3.65,4.70,2.00,38.60,51.60
Southington,45.5,286900,4.9,47555,83.29,16.71,17991,131,Hartford,31,32,46,66,115,183,198,0.010218207,0.001723084,0.001778667,0.002556834,0.001723084,0.001778667,0.002556834,0.011005503,2.8,0,0,1.5,5.2,0.2,88.9,43474,4.12,43569,3.7,6.5,7.2,5.7,6.6,8.0,8.6,5.7,7.2,20.3,17162,101098,5.87,46.50,4.50,9.40,37.80
Sprague,40.9,212500,7.7,36079,64.93,35.07,1250,133,New London,7,8,5,12,16,9,13,0.003865912,0.0056,0.0064,0.004,0.0056,0.0064,0.004,0.0104,1.4,1.4,0.2,3.1,7.4,0,82.9,,13.06,2964,7.4,8.6,5.0,6.6,2.7,8.6,8.5,7.1,4.9,17.3,1149,72989,15.14,7.50,1.60,8.80,76.70
Stafford,43.9,200100,5.9,37723,73.25,26.75,5028,134,Tolland,10,13,20,25,45,40,37,0.016523705,0.001988862,0.002585521,0.003977725,0.001988862,0.002585521,0.003977725,0.007358791,0.9,0.1,0,0.2,4.4,0,91.6,11472,4.97,11507,4.2,6.3,5.0,5.5,6.6,7.9,7.9,9.2,5.9,21.2,4707,82546,6.95,0.80,5.60,12.60,70.90
Stamford,37.9,541600,5.7,56283,51.59,48.41,57319,135,Fairfield,31,39,70,52,172,209,308,0.010666731,0.000540833,0.000680403,0.001221236,0.000540833,0.000680403,0.001221236,0.005373436,8.6,0.1,0,13.1,27.1,0.3,48.7,134820,9.14,135413,9.2,8.3,7.4,6.4,5.3,7.0,6.5,5.9,9.5,15.3,49141,96885,8.14,39.40,1.50,25.20,33.30
Sterling,42.3,211400,6.3,31599,87,13,1257,136,Windham,3,4,7,7,7,18,16,0.007650883,0.002386635,0.00318218,0.005568815,0.002386635,0.00318218,0.005568815,0.012728719,0.5,0.8,0,3.3,2.8,0,90.7,,10.67,3610,5.7,9.0,1.4,5.6,9.4,4.6,6.6,8.8,13.4,12.9,1446,84643,5.53,0.00,3.50,3.50,77.50
Stonington,50.7,363900,5.2,58872,72.8,27.2,9626,137,New London,84,99,108,97,226,241,300,0.01090874,0.008726366,0.010284646,0.011219614,0.008726366,0.010284646,0.011219614,0.031165593,1.7,0.1,0,1.9,4,0,86.4,18354,4.47,18397,5.2,3.5,6.2,5.0,6.4,7.9,9.1,7.7,4.5,26.6,8210,93349,6.31,10.50,3.50,16.90,66.40
Stratford,43.2,268100,7.6,39438,79.16,20.84,22083,138,Fairfield,,19,40,48,91,68,159,0.005018558,,0.00086039,0.001811348,,0.00086039,0.001811348,0.007200109,2.2,0,0.1,18.7,19.5,0.2,57.4,52360,7.27,52436,5.2,5.7,6.5,5.2,6.2,8.6,7.3,8.0,7.5,22.1,19857,82286,6.91,55.30,0.80,6.40,36.30
Suffield,43.5,329400,4.9,49651,87.44,12.56,5667,139,Hartford,23,32,27,36,57,60,71,0.012115545,0.004058585,0.005646727,0.004764426,0.004058585,0.005646727,0.004764426,0.012528675,3,0,0,9.1,6.6,0.2,79,15863,1.51,15676,4.2,5.4,6.2,8.6,5.7,7.8,11.2,5.8,10.0,17.8,5158,110938,2.93,15.30,5.90,9.50,65.30
Thomaston,43.2,221700,5.1,38710,75.07,24.93,3330,140,Litchfield,2,3,17,13,14,43,37,0.0034018,0.000600601,0.000900901,0.005105105,0.000600601,0.000900901,0.005105105,0.011111111,2.4,0,0,0.7,8,0,88,7497,4.78,7487,3.4,8.5,4.5,6.7,7.6,7.2,7.3,7.1,8.7,16.1,3157,71039,9.98,19.50,2.00,21.20,54.20
Thompson,48.2,220600,5.8,35800,78.09,21.91,4252,141,Windham,18,21,23,41,32,44,51,0.013697532,0.004233302,0.004938852,0.005409219,0.004233302,0.004938852,0.005409219,0.011994356,0.6,0.1,0,0,4.3,0,93,9213,7.21,9254,4.1,8.1,7.6,5.0,2.8,8.1,11.0,10.7,7.2,19.3,3569,75168,9.78,1.30,7.20,15.30,69.60
Tolland,44.4,296600,4.5,58335,92.76,7.24,5401,142,Tolland,12,29,36,58,93,77,104,0.011297058,0.002221811,0.005369376,0.006665432,0.002221811,0.005369376,0.006665432,0.019255693,3,0,0,0.8,3.5,0,89.9,14546,4.56,14601,4.5,7.1,5.3,5.8,7.5,6.0,6.2,10.5,7.6,16.5,5252,118367,0.99,0.40,2.30,6.00,84.90
Torrington,45.2,153800,7,33025,67.12,32.88,16920,143,Litchfield,26,24,40,35,107,102,131,0.011314077,0.001536643,0.00141844,0.002364066,0.001536643,0.00141844,0.002364066,0.007742317,2.5,0.1,0,3.1,9.3,0.2,83.3,35447,11.07,35510,8.2,7.2,5.7,4.9,6.8,7.9,6.8,7.9,9.1,16.6,14471,60662,13.39,30.40,2.60,15.30,48.50
Trumbull,42.5,399900,5.5,51689,86.42,13.58,12374,144,Fairfield,,3,43,35,89,84,168,0.006565257,,0.000242444,0.003475028,,0.000242444,0.003475028,0.013576855,6.6,0.1,0.1,3.3,9.4,1,77.8,36830,3.52,36922,2.9,4.0,5.7,7.3,7.9,8.2,7.1,6.8,5.7,16.9,12190,129239,4.01,36.70,0.60,4.90,56.60
Union,51.9,277400,4.8,47422,97.06,2.94,436,145,Tolland,3,3,2,4,4,7,9,0.008383402,0.006880734,0.006880734,0.004587156,0.006880734,0.006880734,0.004587156,0.020642202,1.9,0.1,0.6,0,0.9,0,95.1,,3.99,917,5.5,5.2,4.3,6.2,8.4,8.7,11.2,10.3,3.4,19.4,374,81111,2.14,0.00,4.80,2.40,70.00
Vernon,37.6,211600,5.9,38245,52.29,47.71,14046,146,Tolland,20,24,41,42,79,68,74,0.005087265,0.001423893,0.001708672,0.00291898,0.001423893,0.001708672,0.00291898,0.005268404,5.6,0.1,0,6.8,10,0.5,73.7,30002,9.65,30289,9.1,10.2,5.7,4.2,6.0,5.5,7.6,8.7,8.1,17.2,13039,67492,12.56,27.20,2.90,13.90,53.60
Voluntown,48.4,246400,7.3,38990,84.5,15.5,1163,147,New London,9,6,5,14,18,24,21,0.011123123,0.007738607,0.005159071,0.004299226,0.007738607,0.005159071,0.004299226,0.01805675,0,0.3,0.2,0,3.6,0,90.7,,4.15,2567,7.3,4.1,2.3,5.5,11.0,5.6,10.0,9.1,13.6,15.3,987,84583,7.5,1.10,7.60,9.00,60.30
Wallingford,45.5,275100,5,42662,72.17,27.83,19304,148,New Haven,,,,,,,,0.011261629,,,,,,,,5.4,0,0.1,1.1,11.2,0.3,80.8,44428,6.34,44251,6.3,7.1,6.4,5.9,6.0,6.4,8.2,7.5,7.2,21.1,18664,83054,9.16,28.50,1.70,16.80,51.50
Warren,48.7,370400,5.1,73364,90.39,9.61,741,149,Litchfield,1,4,3,5,6,25,24,0.007707919,0.001349528,0.005398111,0.004048583,0.001349528,0.005398111,0.004048583,0.032388664,8.5,0,0,1.2,6.6,0,82.7,,1.66,1533,1.6,0.8,4.2,2.3,4.2,5.2,9.6,8.6,29.1,21.1,593,121875,2.02,1.20,9.80,3.40,73.80
Washington,49,440100,4.3,72769,78.39,21.61,2060,150,Litchfield,3,5,14,21,31,49,53,0.010816738,0.001456311,0.002427184,0.006796117,0.001456311,0.002427184,0.006796117,0.025728155,1.6,0,0,1.3,10.8,0.4,84.9,,7.4,3651,4.2,8.2,3.1,7.6,5.1,6.9,6.2,6.9,6.7,23.6,1388,102114,0,1.90,8.50,9.50,72.00
Waterbury,36.4,132700,10.1,25082,41.41,58.59,50593,151,New Haven,22,18,26,48,68,132,146,0.008105831,0.000434843,0.00035578,0.000513905,0.000434843,0.00035578,0.000513905,0.002885775,1.7,0,0,18.9,36.6,0.5,38.9,113783,21.3,114480,7.4,7.4,5.2,6.8,6.7,6.3,6.5,6.6,10.6,13.9,40937,46329,31.55,34.00,1.40,28.40,35.00
Waterford,48.2,251300,6,44931,81.96,18.04,8808,152,New London,56,61,90,74,157,167,257,0.009542335,0.006357856,0.006925522,0.010217984,0.006357856,0.006925522,0.010217984,0.02917802,2.7,0.5,0,3.1,5.5,0,84.7,19558,6.65,19580,6.3,5.6,4.7,5.7,6.8,8.4,8.7,7.2,6.8,20.9,7715,90670,7.21,3.20,4.90,17.70,72.50
Watertown,46.8,242900,5.2,41993,79.11,20.89,9350,153,Litchfield,15,17,21,31,49,61,112,0.008289074,0.001604278,0.001818182,0.002245989,0.001604278,0.001818182,0.002245989,0.01197861,1.5,0,0,1.1,9.1,0.2,86.8,22110,5.12,22177,5.3,8.1,6.2,6.1,6.9,6.0,6.9,7.0,6.5,22.5,8513,71964,7.73,19.30,2.80,12.50,61.60
West Hartford,40.9,330100,4.6,58140,71.03,28.97,,,,,,,,,,,,,,,,,,,,,,,,,,,,,,,,,,,,,,,,,,,,,
West Haven,35,196800,6.7,30103,54.65,45.35,,,,,,,,,,,,,,,,,,,,,,,,,,,,,,,,,,,,,,,,,,,,,
Westbrook,55,364700,5.3,59116,81.38,18.62,4185,154,Middlesex,19,27,22,24,65,56,103,0.004485339,0.004540024,0.006451613,0.00525687,0.004540024,0.006451613,0.00525687,0.024611708,1,0,0,0.5,9.6,1.5,86.2,,3.04,6816,3.8,6.0,5.8,6.5,5.1,6.9,10.4,6.8,5.6,31.9,3169,73988,3.79,4.10,14.10,17.60,60.30
Weston,47.6,840700,5,103578,96.34,3.66,3878,157,Fairfield,6,10,17,29,37,57,88,0.005747505,0.001547189,0.002578649,0.004383703,0.001547189,0.002578649,0.004383703,0.022692109,4.5,0.2,0,2.4,5,0,82.4,10339,2.97,10336,3.5,1.8,4.2,4.7,8.8,11.5,10.5,6.7,6.8,14.6,3447,207863,0.06,11.80,2.00,2.80,82.00
Westport,46.5,1116000,4.2,115558,85.2,14.8,10342,158,Fairfield,15,28,39,51,109,160,195,0.005605543,0.001450396,0.002707407,0.003771031,0.001450396,0.002707407,0.003771031,0.018855154,5.2,0.2,0,1.1,6.3,0.2,83.4,27168,3.45,27232,1.7,2.3,4.3,7.0,8.5,7.5,9.8,7.2,6.4,18.4,9916,222375,3.02,18.20,2.30,5.80,73.10
Wethersfield,44.7,257200,5.8,46967,79.28,20.72,11863,159,Hartford,17,20,28,38,78,78,103,0.003690129,0.001433027,0.001685914,0.00236028,0.001433027,0.001685914,0.00236028,0.008682458,3.3,0.1,0,5.2,8.7,0.5,79.5,27162,5.81,27192,6.0,4.9,6.3,7.5,5.4,8.1,6.1,7.7,7.0,21.0,10917,90881,9.83,57.30,0.90,7.30,34.20
Willington,33.3,243000,5.2,37879,64.61,35.39,2808,160,Tolland,7,5,19,21,32,25,38,0.009424073,0.002492877,0.001780627,0.006766382,0.002492877,0.001780627,0.006766382,0.013532764,7.2,0,0,1.5,6.1,0,77.9,,13.87,5586,9.8,5.9,7.3,2.3,2.8,6.7,8.0,4.8,18.2,21.2,2577,73264,4.27,3.50,3.50,17.00,66.00
Wilton,43.6,785200,4.6,92796,86.29,13.71,6590,161,Fairfield,13,15,22,18,87,87,147,0.007602264,0.001972686,0.002276176,0.003338392,0.001972686,0.002276176,0.003338392,0.022306525,8.5,0,0,0.9,3.6,0.1,81.3,18486,2.38,18473,3.1,2.1,5.3,6.9,6.6,10.6,8.6,6.5,7.8,15.5,6090,204473,1.59,3.50,3.30,11.90,80.10
Winchester,49.8,192000,6.3,36542,64.84,35.16,5447,162,Litchfield,8,9,7,13,25,29,56,0.009520135,0.001468698,0.001652286,0.001285111,0.001468698,0.001652286,0.001285111,0.010280889,2.7,0.6,0,1,5.8,0,88.8,10335,14.05,10278,3.2,7.2,10.4,4.9,5.5,4.4,6.2,11.9,5.5,25.0,4550,63882,16.46,24.80,2.30,12.20,54.30
Windham,31.8,158500,8,21427,46.87,53.13,9955,163,Windham,14,20,29,31,48,47,71,0.007780738,0.001406328,0.002009041,0.002913109,0.001406328,0.002009041,0.002913109,0.007132094,1.5,0.1,0,4.8,41.5,0.2,50.4,24480,25.16,24450,6.6,5.8,5.2,5.3,4.4,5.1,6.2,7.3,22.4,15.3,8590,42909,28.47,20.70,6.60,13.80,54.80
Windsor,44.1,223500,6.4,41596,82.71,17.29,11810,164,Hartford,14,23,32,36,70,77,99,0.008720244,0.001185436,0.001947502,0.002709568,0.001185436,0.001947502,0.002709568,0.008382727,4.1,0,0.1,37.1,9.5,0.2,45.4,29424,4.34,29445,7.0,6.1,5.8,5.1,7.7,7.0,8.2,7.2,8.7,18.0,10770,92079,8.56,35.30,2.40,8.80,52.40
Windsor Locks,43.3,195200,6.1,40361,78.97,21.03,,,,,,,,,,,,,,,,,,,,,,,,,,,,,,,,,,,,,,,,,,,,,
Wolcott,46.6,248100,5.3,42098,84.86,15.14,6423,166,New Haven,7,17,30,23,53,42,58,0.005917811,0.001089833,0.002646738,0.004670715,0.001089833,0.002646738,0.004670715,0.009030048,1.8,0,0,1.4,8,0,87.3,16232,3.71,16188,7.2,3.4,4.7,7.0,5.8,9.7,7.8,5.7,8.6,18.8,6052,96014,4.51,7.60,12.70,9.40,67.30
Woodbridge,47.1,472400,3.9,70114,88.09,11.91,3399,167,New Haven,,6,13,13,31,44,110,0.005349127,,0.001765225,0.003824654,,0.001765225,0.003824654,0.03236246,15.4,0,0,3.8,5.3,0.1,72.4,9073,2.49,9050,1.6,4.1,6.2,6.8,7.8,7.8,7.5,8.7,2.3,20.5,2897,169155,1.69,10.10,2.50,6.10,79.90
Woodbury,54.5,383100,5.1,61650,77.77,22.23,4945,168,Litchfield,12,9,18,23,35,40,73,0.01027171,0.002426694,0.00182002,0.00364004,0.002426694,0.00182002,0.00364004,0.014762386,1.7,0.6,0,0.5,6,0,90.8,9762,5.02,9775,4.8,4.7,7.2,3.6,6.3,4.5,6.8,11.7,5.2,29.7,4129,100850,2.54,2.40,5.20,22.60,65.80
Woodstock,45.9,299300,5.4,49159,85.78,14.22,3735,169,Windham,24,26,47,52,75,58,77,0.017359432,0.006425703,0.006961178,0.012583668,0.006425703,0.006961178,0.012583668,0.020615797,0.3,0,0,0,5.1,0,93.9,8187,4.14,8243,3.8,3.9,6.5,7.5,4.1,6.4,11.6,8.9,8.2,17.5,3249,92165,2.8,0.60,4.00,11.30,72.30
