"GEOID","TOWN","Unemployment.Rate","Poverty...","SNAP_Recipients","Tenure_Owner_Occupied...","White","Black_or_African_American","Asian","Hispanic_or_Latino","Median_Household_Income","Utility_gas","Electricity","Fuel_oil_kerosene_etc.","Bottled_tank_or_LP_gas","Median.Home.Age","Housing.Units","Median.Home.Value","Heat_Pumps.2017.","Heat_Pumps.2018.","Heat_Pumps.2019.","Heat_Pumps.2020.","Heat_Pumps.2021.","Heat_Pumps.2022.","Heat_Pumps.2023.","CTAdopt17","CTAdopt18","CTAdopt19","CTAdopt20","CTAdopt21","CTAdopt22","CTAdopt23"
"0900104720","Bethel",6.8,3.2,5.1,78.2,87.9989604989605,1.35135135135135,5.09355509355509,8.38877338877339,92125,22.16058799057,2.49618638191652,22.6043544584662,49.6325058937734,44,7211,329700,"6","13","18","21","39","60","71",0.0230769230769231,0.05,0.0692307692307692,0.0807692307692308,0.15,0.230769230769231,0.273076923076923
"0900108070","Bridgeport",12.9,22.9,28,41.4,40.3936473462739,35.7995113343288,3.40504954526945,39.3111171440206,41801,60.5555224651061,1.03837830325411,16.1832152004289,21.6907896043044,66,50367,169100,"","8","35","20","69","37","93",NA,0.00015166739340626,0.000663544846152388,0.00037916848351565,0.00130813126812899,0.000701461694503953,0.00176313344834777
"0900108980","Brookfield",3.7,2.9,4,84.7,91.1500236630383,0.496923805016564,5.65546616185518,4.36583057264553,112684,9.84771573604061,6.34517766497462,17.6142131979695,61.1675126903553,41,5910,366300,"20","19","20","46","53","69","95",0.238095238095238,0.226190476190476,0.238095238095238,0.547619047619048,0.630952380952381,0.821428571428571,1.13095238095238
"0900118500","Danbury",15.5,12,11,59.9,64.079495903014,7.08107719584072,6.00771479227562,29.2970434615938,66676,32.5396276043469,3.17020834775386,28.4280473454696,34.2320204886828,47,28894,288000,"37","36","28","40","99","151","179",0.00625951615631873,0.00609034004398579,0.00473693114532228,0.00676704449331754,0.0167484351209609,0.0255455929622737,0.030282524107596
"0900118850","Darien",5.5,5.4,0.5,86.7,92.3663051608078,0.420718025430067,5.09068810770381,3.07591623036649,208906,8.20747520976354,5.40045766590389,5.55301296720061,79.7559115179253,59,6555,1279900,"5","17","18","34","66","69","121",0.0555555555555556,0.188888888888889,0.2,0.377777777777778,0.733333333333333,0.766666666666667,1.34444444444444
"0900123890","Easton",4,4.1,0.8,93.7,93.8180863630398,0.367502296889356,3.81939887124295,4.59377871111694,131189,14.7278150633855,4.77255779269202,3.02013422818792,76.5846383296048,49,2682,645900,"","3","7","19","23","40","87",NA,0.107142857142857,0.25,0.678571428571429,0.821428571428571,1.42857142857143,3.10714285714286
"0900126620","Fairfield",5.2,4.3,2.1,82.2,89.4912809754818,1.61433066736594,4.70532319391635,5.76406188540711,122306,53.6994019670835,1.72490485839964,4.35921514357732,39.3120150249592,58,20233,578900,"","10","88","90","131","231","398",NA,0.0101522842639594,0.0893401015228426,0.0913705583756345,0.132994923857868,0.234517766497462,0.404060913705584
"0900133620","Greenwich",5.8,5.6,2.8,67.2,84.8608130185476,3.12970496844668,7.76499983983086,11.5674151904411,128153,60.3677036634515,2.36380926504551,12.4847167504415,24.1407417470452,56,22083,1169900,"24","39","61","45","146","196","196",0.0122824974411464,0.0199590583418628,0.0312180143295803,0.0230296827021494,0.0747185261003071,0.100307062436029,0.100307062436029
"0900148620","Monroe",5.2,4.1,4,92.2,93.3104458019892,0.727015701519665,4.0642197203009,4.48831221285404,110558,28.3537496265312,2.8234239617568,5.36301165222587,60.0985957573947,40,6694,377200,"7","16","25","23","47","52","59",0.0486111111111111,0.111111111111111,0.173611111111111,0.159722222222222,0.326388888888889,0.361111111111111,0.409722222222222
"0900150580","New Canaan",4.7,2.5,1.9,78,92.5119936693209,1.84974528908452,3.20490627627479,4.65403828082497,168311,5.64386758057459,4.8709348111419,13.0523552574012,75.2078168295173,48,6857,1332000,"11","16","15","20","63","81","113",0.0294117647058824,0.0427807486631016,0.0401069518716578,0.053475935828877,0.168449197860963,0.216577540106952,0.302139037433155
"0900150860","New Fairfield",11,2.9,2.7,95.4,92.1088049868952,0.531274350074378,1.68591060423603,7.27491676701849,101273,2.39125953411668,4.61760461760462,12.327355184498,75.1803751803752,47,4851,352800,"17","9","17","36","57","74","103",0.226666666666667,0.12,0.226666666666667,0.48,0.76,0.986666666666667,1.37333333333333
"0900152980","Newtown",6.4,3.9,3,87.3,92.4925032129087,1.1923461373697,2.40254176781379,6.48650578323576,111022,11.6121062384188,5.19868231418571,4.85896644018942,73.1521515338686,40,9714,414700,"22","25","39","41","78","115","148",0.0658682634730539,0.0748502994011976,0.116766467065868,0.122754491017964,0.233532934131737,0.344311377245509,0.44311377245509
"0900156060","Norwalk",8.1,8.4,7.5,61.8,73.8007548374591,15.4399607758178,4.54612832236805,24.3554805532434,76987,30.2076925330287,3.28382693265372,21.4664440343322,43.9786741658611,55,34137,410000,"19","51","63","53","117","159","206",0.0014031460010339,0.00376633926593309,0.00465253674027029,0.00391403884498929,0.00864042537478768,0.0117421165349679,0.0152130566427886
"0900163480","Redding",3.8,3.8,0.7,82.1,95.0854930637703,1.11839982793849,1.10764598343908,2.33358425637165,121270,5.55555555555556,5.52721088435374,9.72222222222222,73.5827664399093,44,3528,605800,"16","13","16","15","48","78","97",0.153846153846154,0.125,0.153846153846154,0.144230769230769,0.461538461538462,0.75,0.932692307692308
"0900163970","Ridgefield",3.8,2.8,2.8,84.3,94.4066515495087,0.596729920038191,2.6176552492342,5.00059672992004,145902,11.9523702538755,3.52729723657605,9.24511345764997,73.3093686811952,44,8902,673900,"14","34","39","37","79","112","200",0.0933333333333333,0.226666666666667,0.26,0.246666666666667,0.526666666666667,0.746666666666667,1.33333333333333
"0900168170","Shelton",5.9,5.1,6.1,80.5,93.2692543461737,0.89252874972415,3.84473922958095,5.39195252924012,86870,33.0106548856549,2.78066528066528,7.30899168399168,53.9436070686071,39,15392,343200,"","7","65","40","77","99","190",NA,0.0192307692307692,0.178571428571429,0.10989010989011,0.211538461538462,0.271978021978022,0.521978021978022
"0900168310","Sherman",4.7,1.5,1.3,92.6,95.0945464510825,0,2.21978624280625,2.0279528637983,108398,1.12123335669236,10.2312543798178,7.63840224246671,71.8990889978977,41,1427,491000,"9","8","11","13","19","39","52",Inf,Inf,Inf,Inf,Inf,Inf,Inf
"0900173070","Stamford",9,9.4,8.6,55.8,60.8616658240647,14.6075581395349,8.82915192113246,25.8515546006067,79359,42.2999957423255,2.00536466981735,25.9334951249627,28.6349895686976,47,46974,501200,"31","39","70","52","184","209","314",0.00167640060566732,0.00210902011680727,0.00378542072247458,0.00281202682240969,0.00995024875621891,0.0113021847285313,0.0169803158122431
"0900174190","Stratford",6.2,7.9,8.9,79.9,75.5466778805719,15.8345439253766,3.02393149323343,14.2843489563422,66886,60.8863570532007,0.873805155933185,7.99942068166458,28.7921212706382,58,20714,249900,"","19","40","48","91","68","173",NA,0.00229357798165138,0.00482858522452921,0.00579430226943506,0.010985031385804,0.00820859488169966,0.0208836310960888
"0900177200","Trumbull",5.5,2.2,4.6,88.3,88.8326816329879,3.45082168931667,4.21372125454595,7.94892127642121,111312,43.1823805988617,1.73224449393714,4.82553823311062,49.3194753773818,50,12123,396500,"","3","43","35","89","84","169",NA,0.00237717908082409,0.0340729001584786,0.0277337559429477,0.0705229793977813,0.0665610142630745,0.13391442155309
"0900183430","Weston",3.8,1.6,0.5,93.8,91.3236286513063,1.12792827533018,3.76940133037694,6.45907644847199,217171,11.8378218407813,3.6105356614383,2.75229357798165,80.378810298905,49,3379,865500,"6","10","17","29","37","57","89",0.0512820512820513,0.0854700854700855,0.145299145299145,0.247863247863248,0.316239316239316,0.487179487179487,0.760683760683761
"0900183500","Westport",2.7,4.7,3.8,85.5,90.8642065610942,0.804593497421644,5.77478696558534,4.33749039973668,162907,23.7987679671458,6.13963039014374,7.782340862423,60.8829568788501,53,9740,1041800,"15","28","39","51","111","161","198",0.0681818181818182,0.127272727272727,0.177272727272727,0.231818181818182,0.504545454545455,0.731818181818182,0.9
"0900186370","Wilton",3.9,3.1,0.9,85.8,89.4705787695113,0.874322802124122,6.97312664270772,2.68733572922813,172095,5.00587938854359,3.34285234335629,12.1451369057618,77.8767008231144,42,5953,810700,"13","15","22","18","87","87","147",0.0797546012269939,0.0920245398773006,0.134969325153374,0.110429447852761,0.533742331288344,0.533742331288344,0.901840490797546
"0900302060","Avon",4.3,2.7,1.5,86,88.1865284974093,0.207253886010363,10.22088901009,3.27242977911099,123894,40.2334851936219,4.22835990888383,7.374715261959,45.1879271070615,38,7024,376500,"11","40","26","26","62","76","124",0.289473684210526,1.05263157894737,0.684210526315789,0.684210526315789,1.63157894736842,2,3.26315789473684
"0900304300","Berlin",4.6,4.2,2.5,84.7,94.53773308601,0.654105242604706,3.17777994728107,4.17358195841062,87810,57.3884464669448,2.98318796612312,5.53659461509291,29.3515358361775,44,7911,287600,"14","16","25","37","66","50","119",0.104477611940299,0.119402985074627,0.186567164179104,0.276119402985075,0.492537313432836,0.373134328358209,0.888059701492537
"0900305910","Bloomfield",7.8,6.4,9.4,73.5,34.4213936844141,58.010542095846,1.96818027951061,4.77779389719039,72762,44.0829797265441,3.12352663837812,16.8316831683168,34.028760018859,48,8484,207900,"13","11","14","20","34","38","65",0.00108369456485495,0.000916972324108036,0.00116705568522841,0.00166722240746916,0.00283427809269757,0.0031677225741914,0.00541847282427476
"0900308490","Bristol",10.7,10.4,14.3,65.7,87.10407239819,3.45311622683885,1.9106912838128,12.4038048683819,61478,19.4614983347378,1.88194695236949,24.6860077845993,50.7965169937001,52,24921,194600,"22","36","41","72","133","132","221",0.0105212816834051,0.0172166427546628,0.0196078431372549,0.0344332855093257,0.0636059301769488,0.0631276901004304,0.105691056910569
"0900310100","Burlington",5.3,2.2,1.3,93.2,95.7679755763765,1.4422570796926,1.93704600484262,2.25286872302348,113472,2.4303497332543,9.66212211025489,11.2922347362181,67.3384706579727,35,3374,317200,"19","19","21","26","41","65","71",0.138686131386861,0.138686131386861,0.153284671532847,0.18978102189781,0.299270072992701,0.474452554744526,0.518248175182482
"0900312270","Canton",4.1,2.1,5.1,81.3,94.1273219814241,0.880417956656347,2.64125386996904,4.12151702786378,87326,18.7874251497006,7.46007984031936,6.2624750499002,59.5558882235529,44,4008,299200,"9","14","22","29","51","49","69",0.0989010989010989,0.153846153846154,0.241758241758242,0.318681318681319,0.56043956043956,0.538461538461538,0.758241758241758
"0900322070","East Granby",9,2.5,4,75.1,90.3767323833691,5.21178996681632,1.63966425922311,4.19675971110677,72684,5.87412587412587,4.52214452214452,20.4195804195804,64.6153846153846,42,2145,283500,"5","7","13","10","32","23","30",0.0187265917602996,0.0262172284644195,0.048689138576779,0.0374531835205993,0.119850187265918,0.0861423220973783,0.112359550561798
"0900322630","East Hartford",11.6,15.4,23.3,56.5,50.0889766705125,27.0489078358136,5.27993429415101,28.4705790327943,48369,52.7119901112485,1.48825710754017,13.7107540173053,30.3733003708282,56,20225,165400,"17","19","29","31","47","46","72",0.00122903412377097,0.00137362637362637,0.00209658762290341,0.00224117987275882,0.00339791787160208,0.00332562174667438,0.00520532099479468
"0900324800","East Windsor",9.6,4.8,7,70.3,82.0672696935101,6.12979713708615,4.79494160007026,6.09466935979626,74798,31.0719131614654,7.16870194482135,14.1112618724559,44.7761194029851,40,4422,212100,"6","20","17","25","38","34","50",0.00859598853868195,0.0286532951289398,0.0243553008595989,0.0358166189111748,0.0544412607449857,0.0487106017191977,0.0716332378223496
"0900325990","Enfield",7.1,8.3,7.3,74.1,84.1164464978581,6.66562002377375,2.25850584251015,9.21569067216902,67377,37.4298921417565,2.47765793528505,6.36671802773498,50.6872110939908,53,16225,186900,"31","47","70","65","129","119","118",0.0104306864064603,0.015814266487214,0.0235531628532974,0.0218707940780619,0.0434051144010767,0.0400403768506057,0.0397039030955585
"0900327600","Farmington",5.6,5.5,4.1,73.7,85.90932206705,2.12416383053632,9.6624026913899,3.81410632554864,91712,36.3144155467466,3.25824228947114,14.1448322536982,44.4455187083051,36,10343,327600,"34","41","45","43","84","97","148",0.0626151012891344,0.0755064456721915,0.0828729281767956,0.0791896869244936,0.154696132596685,0.178637200736648,0.27255985267035
"0900331240","Glastonbury",5.8,3.7,4.4,81.3,86.2995531209456,1.81058094277065,8.95199654029119,3.84892604872423,109018,50.3696364606356,3.87927749409344,7.13360262175139,35.9500038106852,40,13121,346300,"38","35","59","80","131","118","227",0.0605095541401274,0.0557324840764331,0.0939490445859873,0.127388535031847,0.20859872611465,0.187898089171975,0.361464968152866
"0900332640","Granby",6.1,2.8,2.9,91.7,92.9000884173298,1.33510167992927,2.14854111405836,2.85587975243148,102671,4.81446688586191,7.79708783466416,4.18036636918741,74.1427900422734,36,4258,289500,"9","22","28","27","67","63","82",0.0596026490066225,0.145695364238411,0.185430463576159,0.178807947019868,0.443708609271523,0.417218543046358,0.543046357615894
"0900337070","Hartford",13.7,33.4,41.6,23.7,36.5551504467326,38.3292599863777,2.63071437156937,44.238951881085,30630,62.6583257808528,2.12206282190146,19.816972081611,13.0573178010124,64,45239,161400,"11","18","8","33","54","54","67",0.000229966759350239,0.000376309242573119,0.00016724855225472,0.000689900278050718,0.00112892772771936,0.00112892772771936,0.00140070662513328
"0900337140","Hartland",9.3,6.2,3.4,93.1,95.9471766848816,0.774134790528233,1.68488160291439,2.27686703096539,91964,0.393184796854522,3.53866317169069,1.70380078636959,77.1952817824377,45,763,271600,"3","5","3","1","6","5","14",0.176470588235294,0.294117647058824,0.176470588235294,0.0588235294117647,0.352941176470588,0.294117647058824,0.823529411764706
"0900344700","Manchester",9,11.8,13.8,55.7,69.2182102531493,13.1214876175091,9.11715675322667,14.5187069276643,63158,50.9050992088149,2.60138353837869,14.4070253924858,29.7212211590241,53,24141,187800,"26","35","56","63","135","132","164",0.00340537000654879,0.0045841519318926,0.00733464309102816,0.00825147347740668,0.0176817288801572,0.0172888015717092,0.0214800261951539
"0900345820","Marlborough",4.9,1.1,2.1,91.4,97.0181705233732,1.22689858673707,0,4.2708495107936,108698,3.75709916994321,8.69375273044998,13.6740934906073,63.6085626911315,36,2289,295800,"5","10","10","27","36","27","61",0.0632911392405063,0.126582278481013,0.126582278481013,0.341772151898734,0.455696202531646,0.341772151898734,0.772151898734177
"0900350440","New Britain",9,23.3,29.2,40.3,68.3290403902011,10.870280046035,2.91691784950951,40.1339946292541,40457,63.0195993969416,1.74097207265417,16.9753751166631,17.535357886424,62,27858,159900,"19","12","24","23","52","67","95",0.00239475674313083,0.00151247794303,0.00302495588606,0.00289891605747416,0.00655407108646332,0.00844466851525082,0.0119737837156541
"0900352140","Newington",7.9,4.4,6,80.1,82.9427508322998,4.39976499771526,6.56700829035838,9.00189307396044,79960,54.0833267451972,1.73136216301684,10.8546130128864,31.2198592774132,48,12649,228600,"17","21","26","53","58","82","79",0.0126112759643917,0.0155786350148368,0.0192878338278932,0.0393175074183976,0.043026706231454,0.0608308605341246,0.0586053412462908
"0900360120","Plainville",6.8,9,9.4,67.9,90.3827778090046,3.56359957281772,2.02349502557473,7.5993479849362,58500,27.5931385687483,4.38220316269097,26.0251943178772,39.3996247654784,51,7462,199300,"16","14","14","15","33","50","58",0.0252365930599369,0.0220820189274448,0.0220820189274448,0.0236593059936909,0.0520504731861199,0.0788643533123028,0.0914826498422713
"0900365370","Rocky Hill",8.2,8.2,5.1,66.5,78.5825898482786,3.64937748878472,12.1326679772166,6.67372347396542,81576,61.1806345594741,0.948047023132347,15.3962836556693,20.3640500568828,38,7911,260200,"19","14","13","21","51","39","64",0.0262430939226519,0.0193370165745856,0.0179558011049724,0.0290055248618785,0.0704419889502762,0.0538674033149171,0.0883977900552486
"0900368940","Simsbury",4.7,3.4,2.2,85.4,90.7356148297266,2.64217413185707,4.03455796007381,5.24660291897333,113355,18.6712095400341,3.56615559341283,13.038046564452,63.3276547416241,46,8805,328600,"16","43","53","44","123","136","154",0.0253968253968254,0.0682539682539682,0.0841269841269841,0.0698412698412698,0.195238095238095,0.215873015873016,0.244444444444444
"0900370550","Southington",6,3.7,6,83.5,94.4916905444126,1.47392550143266,2.45959885386819,2.96618911174785,82704,46.335323732584,5.20430862896616,8.54115443156539,37.8644186863365,43,17082,270300,"31","32","46","66","115","183","204",0.0482115085536547,0.0497667185069984,0.0715396578538103,0.102643856920684,0.178849144634526,0.284603421461897,0.317262830482115
"0900371390","South Windsor",7.3,4.3,3.4,86.8,81.8065566147408,4.58033015577773,10.3348058591025,5.30109276912346,97389,46.9797958758592,2.38491980837326,12.4140803999167,35.971672568215,37,9602,276300,"17","46","36","57","95","97","165",0.0143824027072758,0.038917089678511,0.0304568527918782,0.0482233502538071,0.0803722504230118,0.0820642978003384,0.139593908629442
"0900374540","Suffield",4.2,5.3,4.6,86.3,81.8994698856741,9.10136041387239,2.38870792616721,7.32579676821869,99707,13.4903640256959,7.75160599571734,10.3854389721627,62.9122055674518,39,4670,301600,"23","32","27","36","75","60","71",0.016140350877193,0.0224561403508772,0.0189473684210526,0.0252631578947368,0.0526315789473684,0.0421052631578947,0.0498245614035088
"0900382590","West Hartford",7,8,8.1,72,80.4781317153331,7.0740108709392,6.95708507141954,9.725382378966,86569,54.7944656105875,1.78865049127732,9.67315019049529,32.3240425105274,61,24935,313500,"48","81","115","129","241","321","368",0.0107214652669198,0.0180924726379272,0.025686843868662,0.028813937904847,0.0538306901943266,0.0716997989725262,0.0821979003797186
"0900384900","Wethersfield",8.3,4.7,6.4,77.7,87.8234628442097,3.13466616371181,3.70049038098831,10.362127499057,77195,59.7494199535963,1.02088167053364,9.1508120649652,28.6682134570766,55,10775,249300,"17","20","28","38","78","78","109",0.0204572803850782,0.0240673886883273,0.0336943441636582,0.0457280385078219,0.0938628158844765,0.0938628158844765,0.131167268351384
"0900387000","Windsor",11.7,6.1,6.8,82.7,51.3593400927995,36.6145385805121,4.4681216703901,9.35212235779344,81982,37.5488553880514,1.71226502884794,10.4969290898939,47.8317513493393,48,10746,223100,"14","23","32","36","70","79","108",0.00131418379799118,0.00215901623955693,0.00300384868112269,0.00337932976626302,0.00657091898995588,0.00741575143152164,0.0101379892987891
"0900387070","Windsor Locks",12.7,5.7,8,77.3,84.3202801655524,4.36962750716332,7.79210442534225,4.36962750716332,68944,40.5307599517491,1.30679533574588,4.6843586650583,51.7691998391636,56,4974,195800,"5","7","16","24","23","18","37",0.00910746812386157,0.0127504553734062,0.029143897996357,0.0437158469945355,0.0418943533697632,0.0327868852459016,0.0673952641165756
"0900502760","Barkhamsted",5.2,2,0.8,92.2,98.7670865719646,0.0804073974805682,0.321629589922273,0.482444384883409,95735,0.896551724137931,5.24137931034483,3.24137931034483,76.2758620689655,38,1450,251500,"2","3","9","10","20","23","27",0.666666666666667,1,3,3.33333333333333,6.66666666666667,7.66666666666667,9
"0900504930","Bethlehem",4.9,7.8,6.1,84.4,98.2401362475163,1.16378086857792,0.227079193868862,0.766392279307408,84306,1.47859922178988,9.57198443579767,11.3618677042802,65.9922178988327,35,1285,342300,"6","4","10","14","21","21","48",0.146341463414634,0.0975609756097561,0.24390243902439,0.341463414634146,0.51219512195122,0.51219512195122,1.17073170731707
"0900508210","Bridgewater",6.5,2.9,3.9,90.3,95.1161405598571,0.357355568790947,1.131625967838,4.70518165574747,98424,1.59362549800797,4.7808764940239,8.36653386454183,80.2124833997344,52,753,494900,"7","3","3","9","16","18","23",1.16666666666667,0.5,0.5,1.5,2.66666666666667,3,3.83333333333333
"0900510940","Canaan",7.8,5.5,3.5,73.7,97.4760661444734,0.696257615317667,0.261096605744125,1.65361183637946,72321,0.746268656716418,12.8731343283582,6.34328358208955,64.365671641791,56,536,273400,"2","2","3","7","6","5","11",0.25,0.25,0.375,0.875,0.75,0.625,1.375
"0900516050","Colebrook",9.2,4.4,1.2,90.8,98.162890385793,0.306184935701164,0.796080832823025,1.53092467850582,81172,1.1686143572621,7.34557595993322,6.34390651085142,58.5976627712855,50,599,289200,"","2","2","5","13","11","12",NA,0.4,0.4,1,2.6,2.2,2.4
"0900517240","Cornwall",10.5,10.5,8.8,81.9,96.3289280469897,0,1.61527165932452,0.513950073421439,75833,0.528169014084507,9.85915492957746,5.80985915492958,69.5422535211268,63,568,424600,"","2","2","3","7","29","24",NA,Inf,Inf,Inf,Inf,Inf,Inf
"0900532290","Goshen",7,14.7,2.8,92.7,97.0778117567108,0.713557594291539,0.339789330615019,5.30071355759429,92361,5.09059534081104,9.74978429680759,5.00431406384814,68.3347713546161,31,1159,382600,"7","7","6","7","21","35","43",0.333333333333333,0.333333333333333,0.285714285714286,0.333333333333333,1,1.66666666666667,2.04761904761905
"0900537280","Harwinton",3.2,6.8,2.7,95.1,98.3844911147011,0.143600789804344,1.34625740441572,0.664153652845091,91875,1.33333333333333,6.41975308641975,5.1358024691358,75.2592592592593,44,2025,290600,"6","4","8","16","27","24","38",0.75,0.5,1,2,3.375,3,4.75
"0900540290","Kent",4.5,8.4,8.1,62.3,87.4528625299966,7.91909496057593,2.05690778196778,0.411381556393555,60714,1.6304347826087,4.34782608695652,15.3079710144928,67.1195652173913,45,1104,403600,"2","4","4","17","23","42","44",0.00865800865800866,0.0173160173160173,0.0173160173160173,0.0735930735930736,0.0995670995670996,0.181818181818182,0.19047619047619
"0900543370","Litchfield",4.2,5.7,3.7,79.9,96.6891403804479,0.46954009150012,1.09559354683361,1.17986997351312,82361,1.0171461784365,9.18337692531241,13.6006974716652,64.6033129904098,55,3441,309100,"17","18","19","33","56","64","85",0.435897435897436,0.461538461538462,0.487179487179487,0.846153846153846,1.43589743589744,1.64102564102564,2.17948717948718
"0900549460","Morris",5.1,4,3.7,83.8,98.8331892826275,0.302506482281763,0.475367329299914,1.90146931719965,83750,1.30861504907306,11.3413304252999,7.74263904034896,67.6117775354416,57,917,362900,"2","2","4","12","13","20","38",0.285714285714286,0.285714285714286,0.571428571428571,1.71428571428571,1.85714285714286,2.85714285714286,5.42857142857143
"0900551350","New Hartford",7.1,3.2,5.4,89.2,98.5699693564862,0.598278126368014,0.350211586166642,2.40770465489567,87596,3.45744680851064,3.07750759878419,13.2598784194529,72.7963525835866,43,2632,278400,"8","13","17","25","31","42","42",0.195121951219512,0.317073170731707,0.414634146341463,0.609756097560976,0.75609756097561,1.02439024390244,1.02439024390244
"0900552630","New Milford",9.6,5.7,5.5,79,90.0903505601735,1.80701120346946,2.76111311890134,6.73292374412721,78343,2.86830569849438,4.45016199733181,26.9201448446731,59.4720792834,40,10494,292200,"25","18","42","70","90","130","121",0.05,0.036,0.084,0.14,0.18,0.26,0.242
"0900553470","Norfolk",5.5,9.2,4.8,73.8,94.258064516129,0.258064516129032,1.29032258064516,3.54838709677419,72875,1.6566265060241,8.13253012048193,5.42168674698795,71.9879518072289,64,664,297800,"","1","1","","7","8","26",NA,0.25,0.25,NA,1.75,2,6.5
"0900554030","North Canaan",3.2,8.1,10,74.3,99.1972831120716,0.277863538129052,0.246989811670269,5.74251312133374,69231,1.61042944785276,2.14723926380368,12.6533742331288,67.7914110429448,63,1304,217900,"","","1","","5","15","7",NA,NA,0.111111111111111,NA,0.555555555555556,1.66666666666667,0.777777777777778
"0900560750","Plymouth",5.1,6.5,8.7,82,94.46017994002,1.5078307230923,0.28323892035988,4.58180606464512,70167,16.8869936034115,5.65031982942431,17.5479744136461,51.3859275053305,49,4690,193200,"6","12","12","15","27","43","84",0.0331491712707182,0.0662983425414365,0.0662983425414365,0.0828729281767956,0.149171270718232,0.237569060773481,0.464088397790055
"0900565930","Roxbury",4.7,3.1,2.9,85.4,98.4588287098195,0,0.616468516072215,1.76133861734919,96875,4.01301518438178,11.7136659436009,8.13449023861171,64.3167028199566,38,922,628800,"5","3","8","12","15","25","53",Inf,Inf,Inf,Inf,Inf,Inf,Inf
"0900566420","Salisbury",3.6,2.4,1.8,68.1,95.6580732700136,2.60515603799186,0.461329715061058,3.20217096336499,82794,1.58102766798419,16.1396574440053,7.2463768115942,71.1462450592885,62,1518,458400,"1","4","8","14","23","34","62",0.0104166666666667,0.0416666666666667,0.0833333333333333,0.145833333333333,0.239583333333333,0.354166666666667,0.645833333333333
"0900567960","Sharon",8.9,9.6,2.1,86.5,91.0453216374269,0.804093567251462,1.8640350877193,0.657894736842105,74625,0.640512409927942,12.9703763010408,6.48518815052042,68.8550840672538,66,1249,427000,"2","2","5","10","13","16","23",0.0909090909090909,0.0909090909090909,0.227272727272727,0.454545454545455,0.590909090909091,0.727272727272727,1.04545454545455
"0900575730","Thomaston",5.3,5.4,9.4,78.7,96.1995863495346,0.297311271975181,0.77559462254395,3.36091003102379,67191,24.5472837022133,3.85647216633132,16.8008048289738,49.1616364855801,50,2982,209200,"2","3","17","13","16","43","39",0.0869565217391304,0.130434782608696,0.739130434782609,0.565217391304348,0.695652173913043,1.8695652173913,1.69565217391304
"0900576570","Torrington",9,10.7,13.7,66.4,89.9754881244189,2.45963992900008,3.10483757360606,8.76792606992928,56264,34.5536843506623,2.99540704253478,16.4347999733742,42.2485522199294,56,15023,167700,"26","24","40","35","108","104","144",0.0297823596792669,0.0274914089347079,0.0458190148911798,0.0400916380297824,0.123711340206186,0.119129438717068,0.164948453608247
"0900579510","Warren",4.9,10.3,2,90.4,97.3360655737705,0,1.02459016393443,3.34699453551913,90865,0.674536256323777,7.92580101180438,7.75716694772344,66.610455311973,45,593,378100,"1","4","3","5","6","25","24",Inf,Inf,Inf,Inf,Inf,Inf,Inf
"0900579720","Washington",3,4.6,1.6,82.5,95.9056013647995,0.113733295422235,0.65396644867785,6.11316462894512,81354,1.56889495225102,11.5961800818554,8.18553888130969,72.1691678035471,60,1466,468800,"3","5","14","21","31","49","53",0.75,1.25,3.5,5.25,7.75,12.25,13.25
"0900580490","Watertown",4.7,4.6,8.9,83,93.8946798429674,1.98546996976671,1.23189386760525,4.48535715897297,78722,23.9381291431377,3.87920451755463,10.2258777314019,55.1436287748588,50,8146,250600,"15","17","21","31","50","63","116",0.0340909090909091,0.0386363636363636,0.0477272727272727,0.0704545454545455,0.113636363636364,0.143181818181818,0.263636363636364
"0900586440","Winchester",13.4,12.1,14.5,60.1,92.7130656005815,2.13519898237325,2.17154279483918,9.92186080319826,52757,29.1402899734531,4.34960179701858,15.5401266081274,43.5777006330406,61,4897,180300,"8","9","7","13","25","29","57",0.0340425531914894,0.0382978723404255,0.0297872340425532,0.0553191489361702,0.106382978723404,0.123404255319149,0.242553191489362
"0900587910","Woodbury",4.1,5.2,4.1,74.7,92.9424982126443,0.306403840261465,4.10581145950363,4.18751915024002,80350,2.43842965130456,7.36405754693977,24.7988295537674,60.8144355035357,44,4101,334500,"12","9","18","23","35","40","75",0.4,0.3,0.6,0.766666666666667,1.16666666666667,1.33333333333333,2.5
"0900714300","Chester",5.8,4,4.6,72.1,97.0208773164438,0.750645085620455,0.656814449917898,2.29885057471264,78750,2.18579234972678,7.26775956284153,22.1311475409836,64.9180327868852,50,1830,330400,"7","15","7","9","28","32","59",0.21875,0.46875,0.21875,0.28125,0.875,1,1.84375
"0900715350","Clinton",4.1,8.6,6.2,80.5,95.7621326042379,0.410116199589884,1.77717019822283,6.05301131616921,71455,7.28737354814537,7.34357437242413,17.6845260397152,61.4837017609592,48,5338,283100,"20","33","49","56","102","102","120",0.37037037037037,0.611111111111111,0.907407407407407,1.03703703703704,1.88888888888889,1.88888888888889,2.22222222222222
"0900718080","Cromwell",6.9,3.3,3.8,84.3,86.738605707795,7.24833167684226,2.61252307255431,7.347721141559,82081,34.1092375366569,3.1158357771261,21.6642228739003,37.6282991202346,40,5456,245600,"16","14","23","18","39","55","56",0.0156709108716944,0.0137120470127326,0.0225269343780607,0.0176297747306562,0.0381978452497551,0.0538687561214496,0.0548481880509305
"0900719130","Deep River",7.5,5.8,4.7,80.9,92.3430321592649,3.23780354408226,2.40647560708816,3.69722161452636,69395,1.09546165884194,7.094418362024,20.3442879499218,62.4934793948878,58,1917,270200,"6","9","17","7","22","39","55",0.0405405405405405,0.0608108108108108,0.114864864864865,0.0472972972972973,0.148648648648649,0.263513513513513,0.371621621621622
"0900720810","Durham",9.7,2.6,2.1,90.9,95.5640223159614,0.326575044223704,1.75534086270241,1.72812627568377,113152,2.12027756360833,6.97764070932922,4.08635312259059,82.2667694680031,38,2594,355600,"12","15","22","22","34","22","59",0.5,0.625,0.916666666666667,0.916666666666667,1.41666666666667,0.916666666666667,2.45833333333333
"0900722280","East Haddam",10.8,3.9,6.1,83.7,93.5003829740672,1.82733340628077,1.1817485501696,3.15132946711894,82117,1.47697654213727,5.87894584419345,7.81928757602085,74.4859542426875,42,3453,285000,"18","21","28","40","41","72","99",0.107784431137725,0.125748502994012,0.167664670658683,0.239520958083832,0.245508982035928,0.431137724550898,0.592814371257485
"0900722490","East Hampton",7.7,4.7,5.7,85.6,91.3124274099884,1.82733255903988,4.29732868757259,4.73093302361595,96299,2.42228502220428,8.35688332660476,12.7169963665725,66.8146951958014,37,4954,258700,"19","20","24","24","57","73","80",0.0805084745762712,0.0847457627118644,0.101694915254237,0.101694915254237,0.241525423728814,0.309322033898305,0.338983050847458
"0900726270","Essex",4,5,3.1,78.1,97.0605969249322,2.48718721736509,0.241181790774797,2.29122701236057,86376,4.24465240641711,4.31149732620321,14.5053475935829,75.1671122994652,49,2992,370600,"26","26","35","41","57","72","107",0.157575757575758,0.157575757575758,0.212121212121212,0.248484848484848,0.345454545454545,0.436363636363636,0.648484848484848
"0900735230","Haddam",6.4,6.6,4.1,90.6,96.4619812904773,0.683617174382346,2.18277764451907,2.7104821300072,99866,1.19339045287638,8.59853121175031,8.87392900856793,71.297429620563,41,3268,313300,"21","18","24","23","42","60","71",0.368421052631579,0.315789473684211,0.421052631578947,0.403508771929825,0.736842105263158,1.05263157894737,1.24561403508772
"0900740710","Killingworth",5.3,1.7,3.2,95.1,95.0231124807396,0.477657935285054,0.847457627118644,2.80431432973806,112137,2.26820533227218,18.9017111022682,8.91364902506964,62.1965777954636,32,2513,385300,"18","19","21","19","47","50","63",0.580645161290323,0.612903225806452,0.67741935483871,0.612903225806452,1.51612903225806,1.61290322580645,2.03225806451613
"0900747080","Middlefield",3.4,3.3,7.6,90.5,97.2215947594308,0.0903546419697312,1.94262480234922,1.64897221594759,102426,4.39748715019989,7.93832095945174,11.9360365505425,69.9600228440891,53,1751,300300,"14","11","17","7","17","27","31",3.5,2.75,4.25,1.75,4.25,6.75,7.75
"0900747360","Middletown",7.2,11,12.7,52.9,76.9007581854378,12.9420983523233,4.72701088567919,9.62980219407853,63691,26.0566334556896,2.05034084950184,24.3890928159413,44.2684845306765,44,19070,226800,"33","41","56","60","124","124","181",0.00540009818360334,0.0067092128947799,0.00916380297823597,0.00981836033382425,0.0202912780232368,0.0202912780232368,0.0296187203403698
"0900757320","Old Saybrook",7.8,5.7,2.3,83.3,92.783707040047,0.636443748164105,3.77949671986684,3.32909037501224,71796,4.50281425891182,8.67729831144465,14.7748592870544,67.3780487804878,51,4264,369300,"36","38","59","62","112","122","143",0.553846153846154,0.584615384615385,0.907692307692308,0.953846153846154,1.72307692307692,1.87692307692308,2.2
"0900761800","Portland",5.1,6.2,5,84.4,96.2739494019265,1.6619032497089,0.539853921879962,2.50873293108923,90417,11.2618377271564,1.86844125927822,8.08804709495777,76.8364474020988,55,3907,260000,"7","17","15","19","47","43","61",0.0445859872611465,0.10828025477707,0.0955414012738854,0.121019108280255,0.299363057324841,0.273885350318471,0.388535031847134
"0900781680","Westbrook",8.5,8.2,7.9,77.8,95.4979733642154,1.60683265778807,0.260567458019687,4.35726693688477,78346,6.26334519572954,16.1921708185053,18.6476868327402,54.2348754448399,50,2810,356700,"19","27","22","24","65","56","104",0.171171171171171,0.243243243243243,0.198198198198198,0.216216216216216,0.585585585585586,0.504504504504504,0.936936936936937
"0900901220","Ansonia",10.3,19,22.7,57.1,79.290780141844,9.77672708169162,3.38324139742579,21.4499605988968,43305,58.6856485475985,1.27983894161634,11.0440034512511,28.2858786310037,64,6954,216500,"","1","7","13","14","28","51",NA,0.000537345513164965,0.00376141859215476,0.00698549167114455,0.00752283718430951,0.015045674368619,0.0274046211714132
"0900903250","Beacon Falls",4.4,4.1,3.7,83.6,97.3636513428901,1.28521997034108,0.527269731421981,5.33860603064755,83155,20.126582278481,13.3333333333333,5.86497890295359,55.1476793248945,40,2370,233000,"4","11","4","10","15","20","20",0.0512820512820513,0.141025641025641,0.0512820512820513,0.128205128205128,0.192307692307692,0.256410256410256,0.256410256410256
"0900904580","Bethany",1.3,3.5,3,89.2,93.4935839508404,0.0180733779143322,5.16898608349901,5.53045364178565,97254,0,12.6346718903036,0.342801175318315,79.0401567091087,43,2042,340900,"8","13","5","21","21","22","52",8,13,5,21,21,22,52
"0900907310","Branford",6.4,6.5,6.3,68.2,92.412908741184,1.24314312174966,3.88615801097101,3.864785922918,71938,55.5385235982251,3.08188785800726,14.1024606696249,25.5909640984268,45,12395,296400,"48","60","77","76","129","134","163",0.137535816618911,0.171919770773639,0.220630372492837,0.217765042979943,0.369627507163324,0.383954154727794,0.467048710601719
"0900914160","Cheshire",7.7,2.3,1.9,87.9,83.3219388801531,4.08832980105285,7.03493539345047,7.08962876871539,106489,9.73130723558418,4.35745194726779,10.7879641742981,72.506792794606,44,9937,337800,"30","38","52","41","100","92","214",0.0250836120401338,0.0317725752508361,0.0434782608695652,0.0342809364548495,0.0836120401337793,0.0769230769230769,0.178929765886288
"0900919550","Derby",11.6,15.4,14.8,56.6,79.4779618630822,5.29071584870272,4.71241012816505,25.3516723976243,51596,49.7047444512319,2.76929342292812,16.6361229892079,29.0979433923844,59,4911,207000,"","","4","10","15","20","38",NA,NA,0.00590841949778434,0.0147710487444609,0.0221565731166913,0.0295420974889217,0.0561299852289513
"0900922910","East Haven",8.2,9.8,10.1,71,83.7067069818582,3.09579439252336,4.66602528862012,12.9432380428807,63120,45.5185944885401,1.17720502987604,15.3750111477749,36.1544635690716,49,11213,209400,"","8","31","23","54","65","107",NA,0.00887902330743618,0.0344062153163152,0.025527192008879,0.0599334073251942,0.072142064372919,0.118756936736959
"0900934950","Guilford",6.7,4.8,3.7,84.5,94.1229010360843,0.580564487316899,3.13951411218292,3.55484101464809,99132,8.51575931232092,4.37822349570201,13.5472779369628,71.0487106017192,41,8725,382900,"83","94","109","113","227","229","334",0.638461538461538,0.723076923076923,0.838461538461538,0.869230769230769,1.74615384615385,1.76153846153846,2.56923076923077
"0900935650","Hamden",8.2,8.3,7.8,66.1,67.7551484810559,20.8995009996262,4.84209157550835,9.18843359394048,70791,43.4640100056066,1.87605123560616,13.8612153361798,38.9830508474576,53,23187,230800,"","12","71","76","105","121","252",NA,0.000933271115258983,0.00552185409861565,0.00591071706330689,0.0081661222585161,0.00941048374552808,0.0195986934204386
"0900944560","Madison",4.3,4,3.2,87.7,95.158551946985,0.361465578618763,2.98482939920039,1.0789199846651,107183,14.2646408024782,6.56439002802773,15.9168018881841,61.4102374981561,42,6779,455700,"54","58","68","103","151","178","247",0.818181818181818,0.878787878787879,1.03030303030303,1.56060606060606,2.28787878787879,2.6969696969697,3.74242424242424
"0900946520","Meriden",9.3,14.6,22.7,59.9,79.217061830937,10.68515362597,1.59499660815037,25.2899617796456,54588,40.8466123342659,1.56104285772209,13.5506629363824,42.4644203868143,58,24663,179000,"29","21","20","44","73","82","121",0.00449055435119232,0.0032517807370703,0.00309693403530505,0.00681325487767111,0.0113038092288634,0.0126974295447507,0.0187364509135955
"0900946940","Middlebury",4.7,4,4.7,89.8,90.5883901540082,1.25049361590101,6.27879426089246,2.35619323417138,97756,14.9155033063924,5.3269654665687,7.75165319617928,67.2667156502572,49,2722,343900,"5","7","5","8","26","26","43",0.0526315789473684,0.0736842105263158,0.0526315789473684,0.0842105263157895,0.273684210526316,0.273684210526316,0.452631578947368
"0900947535","Milford",6.7,6.6,6.2,77.2,90.6927790098861,2.22907190918317,4.41303612374544,6.50114648723828,80247,56.3726182074806,1.31733709715361,9.74829451893672,31.3855563396848,53,21255,300400,"","10","89","67","145","160","303",NA,0.00843170320404722,0.0750421585160202,0.0564924114671164,0.122259696458685,0.134907251264755,0.255480607082631
"0900949950","Naugatuck",7.4,8.8,12.4,65.8,84.4744971943761,7.06765021120989,1.88827942752664,11.5566483828258,58078,26.4324100868127,2.91029350971476,19.5783381562629,47.1765192228193,50,12095,183700,"8","12","15","26","42","52","95",0.00356824264049955,0.00535236396074933,0.00669045495093666,0.0115967885816235,0.0187332738626227,0.0231935771632471,0.0423728813559322
"0900952070","New Haven",9.5,26.6,26.9,28.9,43.0756745168897,33.8138915260466,5.1251033595688,28.1099745812023,37192,59.0564786723192,1.47274517289184,20.3391533222157,17.9843684073055,76,49771,191800,"","12","64","94","101","136","249",NA,0.000271708366353447,0.00144911128721839,0.002128382203102,0.00228687875014151,0.00307936148533907,0.00563794860183403
"0900953890","North Branford",9.5,3.6,2.2,89.1,95.2208443639404,2.57767869583391,0.954437787376341,3.78988435279365,84697,13.3494693725563,4.28225656302365,10.3146527648483,68.9070936510892,45,5371,284300,"","4","26","22","47","53","111",NA,0.0108108108108108,0.0702702702702703,0.0594594594594595,0.127027027027027,0.143243243243243,0.3
"0900954870","North Haven",5.7,3.9,4.3,84.4,88.7621673559761,2.40213894807202,6.42102184902034,3.46325771817688,86340,32.1860683660284,1.31563491131211,9.37389874309879,55.0334782097968,51,8513,295700,"","4","40","51","74","111","150",NA,0.00695652173913044,0.0695652173913043,0.088695652173913,0.128695652173913,0.19304347826087,0.260869565217391
"0900957600","Orange",9.4,3.8,1.6,87,88.1686505091066,1.40542090922128,8.73368707873225,4.05134088627563,107047,12.6974358974359,2.83076923076923,5.10769230769231,76.9641025641026,53,4875,384500,"","6","25","31","39","65","184",NA,0.0306122448979592,0.127551020408163,0.158163265306122,0.198979591836735,0.331632653061224,0.938775510204082
"0900958300","Oxford",5.6,3.6,3.5,87.5,94.6791983843405,2.58660866863446,0.947646419139351,4.47413391331366,97296,15.5530216647662,7.13797035347777,4.67502850627138,61.345496009122,34,4385,350200,"8","9","13","13","34","61","71",0.024024024024024,0.027027027027027,0.039039039039039,0.039039039039039,0.102102102102102,0.183183183183183,0.213213213213213
"0900962290","Prospect",9.8,3.8,6.4,89.7,94.1206860921678,3.3891299855342,0.733622649307708,3.19280843149411,102397,8.73634945397816,4.33697347893916,6.30265210608424,76.8798751950078,36,3205,305400,"11","6","11","17","22","33","52",0.0335365853658537,0.0182926829268293,0.0335365853658537,0.0518292682926829,0.0670731707317073,0.100609756097561,0.158536585365854
"0900967610","Seymour",10.1,6.3,6.4,73.5,87.0232698700514,5.82048957388939,2.70172257479601,9.39256572982774,76991,7.35414283379637,4.49419839843112,14.9861088413139,70.8122242196437,50,6119,256100,"8","10","10","23","31","51","60",0.0083073727933541,0.0103842159916926,0.0103842159916926,0.023883696780893,0.0321910695742471,0.0529595015576324,0.0623052959501558
"0900969640","Southbury",6,8.4,4.2,86,93.7342091965639,1.03587670540677,3.52703385548257,4.30015159171299,84058,5.67218672577911,4.82461859434085,38.153605424436,46.5640891902464,39,7669,311400,"29","20","23","44","105","142","179",0.141463414634146,0.0975609756097561,0.11219512195122,0.214634146341463,0.51219512195122,0.692682926829268,0.873170731707317
"0900978740","Wallingford",8.1,4.7,8,74.8,90.0663132914902,2.16017210406086,4.23163077469006,9.11308744926701,74060,30.3018313361972,2.04612254126159,14.4245986886728,51.5091566809858,48,17692,262700,NA,NA,NA,NA,NA,NA,NA,NA,NA,NA,NA,NA,NA,NA
"0900980070","Waterbury",10.5,25.1,29.4,45.9,62.5270421995235,20.1778167246305,2.22909877591259,35.2502487425948,40467,35.4910103697809,1.7954392858031,29.9057518712854,31.3057966329296,58,40213,134500,"22","18","26","48","68","134","166",0.000995249943451708,0.00081429540827867,0.00117620447862475,0.00217145442207645,0.00307622709794164,0.00606197692829677,0.00750961320968107
"0900982870","West Haven",9.8,14.4,17.6,55.2,64.844443639131,21.3865081809781,3.92469513852398,20.5367011542155,50846,45.344390922183,1.09748224661072,19.2928440184735,33.7239906639519,58,20137,200800,"","6","26","25","50","47","89",NA,0.000508345335931543,0.00220282978903669,0.00211810556638143,0.00423621113276286,0.00398203846479709,0.00754045581631789
"0900987560","Wolcott",4.9,4.3,5,86.6,93.6591493689059,3.10462403541305,1.31004366812227,5.43159657833343,80323,7.13539853811347,13.0177514792899,11.1207796728159,63.9749390880613,48,5746,240900,"7","17","30","23","53","42","60",0.0134874759152216,0.0327552986512524,0.0578034682080925,0.0443159922928709,0.102119460500963,0.0809248554913295,0.115606936416185
"0900987700","Woodbridge",7.1,3.3,0.8,89.7,84.2376104709699,0.950889361226088,13.8829846739009,2.8302942163553,133412,8.85214007782101,3.92347600518807,7.23086900129702,76.7509727626459,48,3084,474500,"","6","13","13","31","44","112",NA,0.0705882352941176,0.152941176470588,0.152941176470588,0.364705882352941,0.517647058823529,1.31764705882353
"0901106820","Bozrah",5.7,5.6,8.9,84.2,94.3893129770992,1.10687022900763,0.572519083969466,3.2824427480916,77045,3.75494071146245,6.32411067193676,7.60869565217391,68.3794466403162,46,1012,236800,NA,NA,NA,NA,NA,NA,NA,NA,NA,NA,NA,NA,NA,NA
"0901115910","Colchester",7.7,4.5,4,77.4,95.6634865568083,0.947837938297609,1.27617395613926,1.73460537727667,97313,2.52877572375305,11.7544471573073,10.4290198814091,66.8991977677014,32,5734,274400,"22","26","41","40","73","84","119",0.143790849673203,0.169934640522876,0.26797385620915,0.261437908496732,0.477124183006536,0.549019607843137,0.777777777777778
"0901123400","East Lyme",7.7,4.6,5.3,79.7,84.8378893833439,3.38525111252384,4.25937698664971,8.66179275270184,84029,3.63862755949087,8.90979524073049,20.9739900387382,61.6768123962369,45,7228,307800,"55","97","104","119","230","189","254",0.0860719874804382,0.151799687010955,0.162754303599374,0.18622848200313,0.359937402190923,0.295774647887324,0.397496087636933
"0901129910","Franklin",8.5,5.5,5.8,88.2,96.685655100984,0,0.155359917141378,1.55359917141378,87708,0,5.91549295774648,9.01408450704225,70.7042253521127,42,710,242000,"6","8","6","9","14","15","23",Inf,Inf,Inf,Inf,Inf,Inf,Inf
"0901133900","Griswold",9.2,10.8,18.5,69.3,90.7649723200805,1.41754739137729,2.87703405468881,3.88357658111055,59153,3.7218631602407,5.61622464898596,16.7372409182082,63.6951192333408,40,4487,206100,"15","24","23","26","56","41","65",0.0887573964497041,0.142011834319527,0.136094674556213,0.153846153846154,0.331360946745562,0.242603550295858,0.384615384615385
"0901134250","Groton",8.3,8.4,11.3,48.3,78.8826089131196,6.68483969389286,5.09678387435603,11.0563697294053,62137,9.7539975399754,6.37761377613776,30.6211562115621,51.4883148831488,41,16260,253300,"8","13","11","","6","14","15",0.00299289188178077,0.00486344930789375,0.00411522633744856,NA,0.00224466891133558,0.00523756079311635,0.00561167227833894
"0901142390","Lebanon",6.6,6.5,4.7,89.7,95.7642220699109,0.644276901987663,1.631254283756,1.1240575736806,89375,1.08981585869974,7.10259301014656,6.80195415257422,67.6437429537768,42,2661,265400,"8","28","22","13","54","62","48",0.170212765957447,0.595744680851064,0.468085106382979,0.276595744680851,1.14893617021277,1.31914893617021,1.02127659574468
"0901142600","Ledyard",8.6,5.6,5.6,82,85.0634256491997,2.12525735538288,3.48675034867503,6.59493923092249,84825,1.50771388499299,4.89130434782609,12.0792426367461,75.718793828892,43,5704,242900,"45","38","36","42","77","80","115",0.140625,0.11875,0.1125,0.13125,0.240625,0.25,0.359375
"0901143230","Lisbon",4.9,1.5,3.1,85.4,97.2748267898383,0.046189376443418,0.854503464203233,0.969976905311778,81200,1.45569620253165,3.48101265822785,10.5063291139241,73.9240506329114,35,1580,226400,"6","15","17","17","31","32","28",3,7.5,8.5,8.5,15.5,16,14
"0901144210","Lyme",2.6,4.8,1.6,81.6,96.0472697636512,0,1.9559902200489,4.03422982885086,81650,0.928505106778087,11.2349117920149,6.22098421541318,67.2237697307335,48,1077,477600,"7","16","10","23","18","32","47",Inf,Inf,Inf,Inf,Inf,Inf,Inf
"0901148900","Montville",7.9,7.2,8.3,82,80.427807486631,4.84848484848485,5.6786350903998,7.91953144894321,70036,18.8701223063483,5.11065812463599,15.3756552125801,56.1153174140943,45,6868,196500,"24","41","43","41","70","71","91",0.0252100840336134,0.0430672268907563,0.0451680672268908,0.0430672268907563,0.0735294117647059,0.0745798319327731,0.0955882352941176
"0901152350","New London",13.4,28.6,34.1,35.2,59.0234474711009,16.9675090252708,3.13970025161361,29.4570251248952,36250,40.0185701021356,1.20705663881151,29.0157845868152,29.0993500464253,76,10770,185400,"9","18","22","30","75","96","101",0.00193423597678917,0.00386847195357834,0.00472813238770686,0.00644745325596389,0.0161186331399097,0.0206318504190845,0.0217064259617451
"0901155500","North Stonington",3.3,6.5,6.7,82.1,88.4382107657316,2.50189537528431,2.40712661106899,2.42608036391205,75954,0,9.30946291560102,6.75191815856778,73.2992327365729,45,1955,292800,"21","16","23","27","46","35","45",0.159090909090909,0.121212121212121,0.174242424242424,0.204545454545455,0.348484848484849,0.265151515151515,0.340909090909091
"0901156270","Norwich",13.7,15.7,22,52.7,66.5499080836687,11.4721518358424,8.08863715407165,15.2481740944999,50078,33.1902985074627,3.18407960199005,22.0087064676617,39.4029850746269,61,16080,176400,NA,NA,NA,NA,NA,NA,NA,NA,NA,NA,NA,NA,NA,NA
"0901157040","Old Lyme",5,1.5,3,81.5,95.5056179775281,1.30865829477859,2.30006609385327,1.29543952412426,87025,1.71701112877583,11.6057233704293,17.8378378378378,62.7980922098569,56,3145,399700,"37","45","54","60","99","114","152",0.373737373737374,0.454545454545455,0.545454545454545,0.606060606060606,1,1.15151515151515,1.53535353535354
"0901162150","Preston",15.9,5,7.9,82.6,84.8593783040812,2.57982660181857,6.34383590611123,1.39564389934447,69275,0.258397932816538,4.1343669250646,10.077519379845,74.6770025839793,42,1935,244400,"7","11","10","24","25","29","33",0.0573770491803279,0.0901639344262295,0.0819672131147541,0.19672131147541,0.204918032786885,0.237704918032787,0.270491803278689
"0901166210","Salem",4.6,4.5,4.4,93,91.008824230861,1.40710708323396,4.88910088242309,1.88409253517768,105326,0,7.96812749003984,14.8074369189907,63.2138114209827,36,1506,270700,"4","27","16","21","35","27","33",0.0677966101694915,0.457627118644068,0.271186440677966,0.355932203389831,0.593220338983051,0.457627118644068,0.559322033898305
"0901171670","Sprague",8.5,8.4,8.8,67.5,90.4937856902922,1.07490762512597,0.873362445414847,2.75445078938529,64063,1.90239867659222,3.97022332506203,10.6699751861042,75.5169561621175,62,1209,215400,"7","8","5","12","16","9","15",0.21875,0.25,0.15625,0.375,0.5,0.28125,0.46875
"0901173770","Stonington",6.7,7.8,6.5,71.2,92.759030932295,1.21133463119187,2.255029201817,3.26086956521739,77295,11.9112143502387,6.92992644212156,15.2922957801007,62.5112917795845,52,7749,326600,"84","99","108","97","228","243","302",0.375,0.441964285714286,0.482142857142857,0.433035714285714,1.01785714285714,1.08482142857143,1.34821428571429
"0901178600","Voluntown",11.6,5.2,7.6,88.9,93.6178392925798,0.230680507497116,1.11495578623606,2.72971933871588,76012,0,4.15821501014199,9.93914807302231,68.052738336714,40,986,229000,"9","6","5","14","19","24","21",1.5,1,0.833333333333333,2.33333333333333,3.16666666666667,4,3.5
"0901180280","Waterford",8.1,6.2,7.1,84.9,88.891748597313,2.14134966798785,3.65470736603696,5.857826735986,75956,4.42658502359995,4.20972062763108,15.6907768848067,72.2541140451588,54,7839,253600,"56","61","90","74","157","167","257",0.134615384615385,0.146634615384615,0.216346153846154,0.177884615384615,0.377403846153846,0.401442307692308,0.617788461538462
"0901301080","Andover",6.7,2.6,1.2,91.2,95.834628535903,0.777121541809139,0.435188063413118,2.11377059372086,100321,0.77720207253886,9.24006908462867,10.5354058721934,59.153713298791,42,1158,276200,"3","8","5","8","15","14","35",0.12,0.32,0.2,0.32,0.6,0.56,1.4
"0901306260","Bolton",4.7,3.3,4.4,89.8,92.3573301068764,1.85521274450494,1.91570881226054,3.44827586206897,97019,1.28649183572489,7.76843146956952,6.58090054428501,75.8040573973281,44,2021,293100,"11","10","15","15","47","38","33",0.119565217391304,0.108695652173913,0.16304347826087,0.16304347826087,0.510869565217391,0.41304347826087,0.358695652173913
"0901316400","Columbia",3,4.2,3.3,84.9,86.6666666666667,1.7032967032967,0.934065934065934,3.16849816849817,89986,2.27823557925351,11.1488124091129,9.50072709646146,67.8138633058652,34,2063,241900,"10","13","16","32","45","36","52",0.10752688172043,0.139784946236559,0.172043010752688,0.344086021505376,0.483870967741935,0.387096774193548,0.559139784946237
"0901317800","Coventry",8.2,3.1,4.1,90.4,96.7791164658635,0.546184738955823,0.891566265060241,3.16465863453815,90309,1.52838427947598,9.91266375545852,11.4847161572052,68.1222707423581,45,4580,256700,"15","33","24","41","71","69","85",0.220588235294118,0.485294117647059,0.352941176470588,0.602941176470588,1.04411764705882,1.01470588235294,1.25
"0901325360","Ellington",6.3,3,4,68,92.6033816731049,0.82958647330758,5.43980748527642,2.4127667658793,85545,14.3819520601598,4.88798370672098,22.7949240169199,50.4151652827824,38,6383,256000,"13","36","35","43","78","82","69",0.099236641221374,0.274809160305344,0.267175572519084,0.32824427480916,0.595419847328244,0.625954198473282,0.526717557251908
"0901337910","Hebron",6,1.4,3.2,93.1,96.5144105712205,0.634689418374779,1.14452190198731,2.1329726355218,105104,4.45103857566766,6.17210682492582,6.94362017804154,72.7299703264095,33,3370,298000,"12","16","24","35","67","48","73",0.19672131147541,0.262295081967213,0.39344262295082,0.573770491803279,1.09836065573771,0.786885245901639,1.19672131147541
"0901344910","Mansfield",5.4,17.1,6.6,59.7,79.2033030048169,4.64485052374035,11.2852664576803,5.89494609679639,60263,6.17239517725391,7.43206766240777,26.525103473097,51.5745906064423,43,5557,242200,"19","32","39","55","82","90","141",0.0156378600823045,0.0263374485596708,0.0320987654320988,0.0452674897119342,0.0674897119341564,0.0740740740740741,0.116049382716049
"0901369220","Somers",5,4.5,5.8,84,84.681297543062,7.65060767683833,2.52688642126432,5.93687155722654,95605,2.4866785079929,10.5387803433985,5.23978685612789,73.7714624037892,43,3378,308500,"6","17","25","25","31","39","47",0.00685714285714286,0.0194285714285714,0.0285714285714286,0.0285714285714286,0.0354285714285714,0.0445714285714286,0.0537142857142857
"0901372090","Stafford",10,11.4,13.6,72,94.7663707921621,0.829006866521521,1.69988276670574,3.57561547479484,62371,0.875729774812344,6.75562969140951,14.7623019182652,60.4253544620517,56,4796,190300,"10","13","20","25","50","40","39",0.101010101010101,0.131313131313131,0.202020202020202,0.252525252525253,0.505050505050505,0.404040404040404,0.393939393939394
"0901376290","Tolland",3.7,2.8,2.5,94,97.2413793103448,0.395045195848678,1.38600602611316,3.76966856377636,110593,0.916380297823597,5.70828560519282,4.75372279495991,75.2004581901489,38,5238,281100,"12","29","36","58","93","77","104",0.203389830508475,0.491525423728814,0.610169491525424,0.983050847457627,1.57627118644068,1.30508474576271,1.76271186440678
"0901377830","Union",3.1,1,0,96,97.3713033953998,0.328587075575027,1.31434830230011,4.052573932092,95865,2.73556231003039,7.29483282674772,3.95136778115502,61.7021276595745,33,329,274600,"3","3","2","4","4","7","10",1,1,0.666666666666667,1.33333333333333,1.33333333333333,2.33333333333333,3.33333333333333
"0901378250","Vernon",8,9.8,12.6,54.5,83.3859998626091,6.97602527993405,3.17716562478533,8.32932609741018,59961,34.5981634666464,2.99005843515216,14.1610381725734,46.3003718600592,47,13177,206000,"20","24","41","42","79","68","76",0.00984736582964057,0.0118168389955687,0.0201870999507632,0.0206794682422452,0.0388970950270803,0.0334810438207779,0.0374199901526342
"0901385950","Willington",11,14,4.8,66.6,96.1080355645026,0,2.56668344237544,5.40177822513001,73526,1.9859329747621,3.88911874224245,14.811750103434,66.6115018618122,43,2417,229300,"7","5","19","21","33","25","38",Inf,Inf,Inf,Inf,Inf,Inf,Inf
"0901501430","Ashford",7.3,8,11.3,84.9,96.3326325624854,1.56505489371642,0.44382153702406,1.75192711983181,77870,0.887049083382614,6.09107037256061,16.3808397397989,49.0242460082791,38,1691,232000,"13","16","18","24","31","33","42",0.194029850746269,0.238805970149254,0.26865671641791,0.358208955223881,0.462686567164179,0.492537313432836,0.626865671641791
"0901509190","Brooklyn",9.8,10,14.4,77.3,96.1356753482738,1.34463961235615,0.654149000605693,7.47425802543913,60694,5.35346602608099,2.57378174330817,8.78517501715855,69.2518874399451,47,2914,223100,"6","19","27","31","34","36","53",0.0540540540540541,0.171171171171171,0.243243243243243,0.279279279279279,0.306306306306306,0.324324324324324,0.477477477477477
"0901512130","Canterbury",5.4,4.9,11.4,89.3,98.0184422209143,0.588581518540318,0.490484598783598,0.137335687659407,83862,0.951877313590693,5.97567424643046,5.44685351665785,63.1940772078266,35,1891,234200,"8","20","8","14","30","37","17",0.266666666666667,0.666666666666667,0.266666666666667,0.466666666666667,1,1.23333333333333,0.566666666666667
"0901513810","Chaplin",14.6,5,8.1,81.5,96.2014134275618,1.06007067137809,0,5.43286219081272,67054,2.62216924910608,5.72109654350417,6.7938021454112,65.554231227652,49,839,206000,"5","4","10","15","14","12","19",0.208333333333333,0.166666666666667,0.416666666666667,0.625,0.583333333333333,0.5,0.791666666666667
"0901521860","Eastford",8.9,3.2,4,85.2,95.7507082152975,0.453257790368272,1.24645892351275,1.41643059490085,78466,0.745156482861401,5.21609538002981,4.91803278688525,52.0119225037258,36,671,248300,"9","2","13","10","14","10","11",1.125,0.25,1.625,1.25,1.75,1.25,1.375
"0901536000","Hampton",8.1,5,5.6,82.2,95.0810810810811,0.918918918918919,0.594594594594595,2.75675675675676,76625,0.964187327823691,3.85674931129477,7.02479338842975,57.5757575757576,44,726,229400,"1","5","8","13","14","27","23",0.0588235294117647,0.294117647058824,0.470588235294118,0.764705882352941,0.823529411764706,1.58823529411765,1.35294117647059
"0901540500","Killingly",6.8,10.2,17.2,69.4,90.8811594202899,1.71594202898551,2.3304347826087,4.3768115942029,55764,14.4727377355776,6.43072939145447,13.9979859013092,53.3448424687095,45,6951,188500,"18","44","54","38","80","64","97",0.0608108108108108,0.148648648648649,0.182432432432432,0.128378378378378,0.27027027027027,0.216216216216216,0.327702702702703
"0901559980","Plainfield",7,7.6,14,72.4,92.2667192740186,2.96573946208983,1.27572828302755,4.49135266653515,60673,7.24536226811341,5.77528876443822,15.0157507875394,63.6506825341267,50,5714,171600,"11","21","29","55","38","58","74",0.024390243902439,0.0465631929046563,0.0643015521064302,0.121951219512195,0.0842572062084257,0.12860310421286,0.164079822616408
"0901561030","Pomfret",4.8,2.2,7,76.8,97.453593526892,1.07091861018563,0.951927653498334,2.21323179438363,91053,1.0840108401084,5.82655826558266,11.8563685636856,63.8211382113821,35,1476,289100,"11","13","9","30","27","31","32",0.244444444444444,0.288888888888889,0.2,0.666666666666667,0.6,0.688888888888889,0.711111111111111
"0901562710","Putnam",8.4,10.1,13,57.6,96.092099704267,0.337980566117448,0.42247570764681,2.78833967046895,51621,21.8660411780036,4.11780036486839,15.7935887412041,51.2640083398488,64,3837,178900,"8","14","4","16","33","31","46",0.25,0.4375,0.125,0.5,1.03125,0.96875,1.4375
"0901567400","Scotland",4.7,3.8,4.6,90.3,97.6359338061466,0.236406619385343,0,3.42789598108747,79896,0,3.56536502546689,8.82852292020373,60.9507640067912,34,589,232400,"","2","2","6","8","9","6",NA,0.5,0.5,1.5,2,2.25,1.5
"0901573420","Sterling",11.5,10.4,15.3,88.5,93.516078017923,1.95044807590933,0.817079599367422,2.24037954665261,72220,0.645682001614205,10.5730427764326,8.79741727199354,57.1428571428571,30,1239,208800,"3","4","7","7","7","18","16",0.0405405405405405,0.0540540540540541,0.0945945945945946,0.0945945945945946,0.0945945945945946,0.243243243243243,0.216216216216216
"0901575870","Thompson",7.4,5.2,8.8,79.7,97.3495778561505,0.299241209789462,0.395425884364647,0.940472373624025,69924,2.24839400428266,5.03211991434689,8.96680942184154,67.9336188436831,50,3736,197200,"18","21","23","41","32","44","51",0.642857142857143,0.75,0.821428571428571,1.46428571428571,1.14285714285714,1.57142857142857,1.82142857142857
"0901586790","Windham",13.1,24.3,31.3,48.9,74.047960484385,5.70825366475462,2.19088591459528,36.5638942001275,41398,25.2303888514273,4.38300741739717,15.6439649359407,50.0337154416723,57,8898,159900,"14","20","29","31","48","47","75",0.00976971388695045,0.0139567341242149,0.0202372644801117,0.0216329378925331,0.0334961618981158,0.0327983251919051,0.052337752965806
"0901588190","Woodstock",8.1,3.3,8,86.8,96.4485032978184,0,0.253678335870117,3.46270928462709,78594,0,12.4677835051546,9.375,60.8247422680412,35,3104,242500,"24","26","47","52","75","58","77",Inf,Inf,Inf,Inf,Inf,Inf,Inf
